node,a_p,area,avg.height_A,avg.height_B,avg.height_C,avg.height_F,avg.height_G,avg.height_P,max.height_A,max.height_B,max.height_C,max.height_F,max.height_G,max.height_P,p95.height_A,p95.height_B,p95.height_C,p95.height_F,p95.height_G,p95.height_P,cn,d13C,d15N,pN,pC,fr.dens,fr.diam,fr.dmc,fr.srl,ldmc,lma,sla,rdens,rdmc,sdens,sdmc,seed_mass,F_A_BM_acor,F_B_BM_acor,F_C_BM_acor,F_F_BM_acor,F_G_BM_acor,F_P_BM_acor,F_A_BM_cv,F_B_BM_cv,F_C_BM_cv,F_F_BM_cv,F_G_BM_cv,F_P_BM_cv
node 001,0.34827285700786964,0.057721658475575165,10.633213029337764,NA,NA,10.595325804445816,8.112548076901305,NA,-4.8731254384012574,NA,NA,-1.1606155998103613,3.3414628352584845,NA,9.0870042393918,NA,NA,8.478026009820745,9.928059729065405,NA,13.278540182503626,-1.433993547536536,0.43465105890338235,-0.7997474298462623,2.7391077011267635,NA,NA,NA,NA,0.20914563780265216,NA,-27.582413164911102,NA,NA,-1.0054175243797777e-4,0.19178399323364487,3.08903913861595,0.29812768100366643,0.014867936786177205,NA,0.28072716775473394,0.5652518467895281,NA,-0.7117301892231563,0.8016420435484052,NA,-0.7452978588174493,-2.5043036333420905,NA
node 002,0.38301999342241283,0.12591361645452498,3.0166217269052846,3.9462488680877463,8.121937590151111,7.633739291861683,4.8165153876678355,6.127794175559044,7.552276314864787,5.227581907876628,14.846965242634123,16.078448836186524,12.093726126914357,-9.286987108669617,9.69550833268282,4.332205965372734,12.99395950298285,9.400155610332927,6.72350376179567,2.815978485159007,14.493000675821419,12.659465101384768,-1.7499974214558207,-1.1695112263475491,0.40565509048181836,130.52556723916814,0.0401298564612722,0.14361930560039987,1.1248113479805566,0.28725191001851325,-3.5739978988675295e-4,1.014301985513468,0.0011840932027270756,0.04186303678801334,0.0012193664848275296,0.15787043549226346,-1.4828017015278547,0.08852053261885838,0.030832212674716118,0.021350285521093144,0.0029609911812975846,0.13459689351788176,0.005721862277969223,-0.6767253073643358,-0.9611707069200308,-0.021353481345717528,-0.8756951291007051,-1.3849082098725778,-0.07371535805107793
node 003,0.21947451346629457,0.8570862099117288,-5.5295915487623555,9.148989219598867,18.059360650379627,16.563429839246343,NA,-7.679176006508007,7.613274859391442,-9.976093528202451,19.227308703162045,8.290196237287963,NA,4.818807814969203,8.758760762087732,-1.510345415856637,22.392308677492057,19.35045124043069,NA,9.11383581836911,3.8320551519110047,-15.698890332038822,1.1780865267191287,-0.2486668621868552,1.6490135949365872,NA,NA,NA,NA,-0.0411651364748126,0.018263618165638238,-13.978093208832954,-9.681254170801361e-4,0.019639915307779192,2.343639930164811e-4,-0.029283802847292945,1.530026767247817,-0.07439341390456836,-0.10811868031860537,-0.07096385612742807,-0.07519178951981668,NA,-0.0016636300862559554,0.3538422452588726,1.3995297371152493,0.18415787777014792,0.6912048578203877,NA,-0.09552070616400589
node 004,-0.46042463881222745,-0.13071451183586197,2.770927488773766,5.888265804272576,0.8272470985129005,3.577636835495959,-1.254669362846696,-3.9750900596413543,-2.4345104346575472,15.30310567218827,-1.8485638581999984,-0.6568829486232052,-13.729483685577273,-17.700394028083817,3.541378893016776,10.861495734301641,-0.18865082857847618,5.114633769600193,0.18099924668206235,-8.808259318554052,3.8422515710743994,0.6595691790655435,1.9118512282962274,-0.3418752259567554,-0.2479711088282415,-43.210903216631124,-0.03705262555427042,-0.019330387374662434,-1.0443698080509056,0.008952951031614365,0.015690642723634,-7.710426997117825,9.162590459484962e-5,0.006220597212030702,1.897214895757981e-4,-0.08222833294340379,1.4038532380179864,-0.0021049201358436776,0.015085093543659668,0.017528545104059014,0.01955467920392793,0.2236903359169585,0.0014529616021711905,0.7774173896303699,0.8719048168380643,-0.17176641656547986,0.7911179224450451,0.10536012145055293,0.38067886724125216
node 005,1.1206887238456493,0.10343956921095349,1.8797311965063084,2.08548964620437,3.6393829743801156,1.626741786899743,3.170911521110565,3.776116879637749,-12.327575962302141,-13.448264686147791,10.682336348252669,-9.792141652564945,15.68964213383909,6.231362869814056,-1.3352920435315836,-1.1572531043940397,1.3352920435315836,-0.6676460217657918,15.942757698713242,5.7417557871858085,8.626253659622733,1.470679812302646,-1.8946013708321798,-0.3389861401178847,0.972626724508403,NA,NA,NA,NA,0.04335248167999205,0.06151364917379622,-23.48698587049444,-3.560778782750891e-4,-0.04973691090678124,-0.0010682336348252668,0.21355770749548458,1.5356797582856931,0.16027102678499816,0.12418070910607105,0.13416955524260885,0.1681712806068026,NA,0.08565410425014483,-0.8193460251749289,-0.7536274422872691,-1.384297291770981,-0.9219171161798033,NA,-0.4183252144697608
node 006,0.17301971213460524,1.5456005032876523,9.091903628432933,4.815362442987923,2.2728784970042675,8.787838483441384,7.421159382053064,3.3392240127538386,33.47876117890464,-2.9066410197788017,8.811344838865766,31.980763764020672,38.65213742385536,-13.411882454632034,16.616882925613048,3.5788139739582294,6.834707179218677,17.714318637481274,21.108365552005797,-4.785423237412679,-1.8170111022949795,0.06250099217108371,1.9334906843204585,-0.022347442741105727,0.624143880972582,NA,NA,NA,NA,-0.03410098858491964,0.007511867260197756,-9.832662908663483,-3.1433391057208116e-5,0.014898928508876988,-5.194227262666881e-4,0.14839450334964063,-0.236007588059769,0.09515894777928957,0.12132509598890533,0.035966839862033806,0.14192688766954198,0.32631504249533233,0.009616386074181912,-0.12756587071690373,-0.03684102717791068,-0.06787866059846658,-0.14813069186124708,-1.2127736520231367,-0.0997111594373123
node 007,-0.5494003180389753,-0.33418737032348916,-4.188603007448384,-1.2156990970525579,-2.977147315238214,-2.6152287808298276,0.6366342395903207,-1.2282546164877406,-6.920473583555473,9.555553499592007,-17.032132878126845,-5.188344565175261,-6.464455499124382,-17.012930315444237,-1.0241381286291287,5.891915575103559,-8.797311940765596,1.6752916105081743,2.4315717821895415,-4.932393284968834,-6.347660999677007,0.7280813120973626,3.790343939056159,0.5121627597861778,0.4236728833588377,-142.7925880925577,-0.05177585738044339,-0.15343902426115671,-1.6317116778713885,-0.11543900977353733,-0.018728417959486137,26.76284363303119,-4.702945069499599e-5,-0.026432289516467537,-1.5817365322868184e-4,-0.18684452064737717,0.21151164148596882,-0.19898049939874202,-0.1482496916765925,-0.05017535930893269,-0.10819652545982127,-0.09949782139605326,-0.08398382013396012,1.2042172071094301,1.1784311461730617,0.7781676135191212,1.2998060921288332,0.9277428454491675,0.6478465916212436
node 008,1.1206887238456493,-0.08113786360642503,0.4556720351156411,-1.640688291710031,NA,-0.7437576682470926,NA,14.897141173925327,-6.7241323430738955,-6.7241323430738955,NA,-5.341168174126334,NA,0,-2.8931327609850976,-5.697246052401422,NA,-5.519207113263878,NA,1.6023504522379008,16.34255030131348,1.2873351370814972,-1.780300371905876,-1.260782747502521,0.3946233085983679,18.76638095628494,-2.241377447691285e-4,-0.03328445509821577,0.012439644834686705,0.12765391936161935,0.02003426188687859,-27.246189050914122,1.7803893913754455e-4,-0.1641618628524672,-1.7803893913754436e-4,0.25058980683609383,-0.5017323416656971,-0.007583522994379154,-0.022442438384919928,NA,-0.007833240100854365,NA,0.011016775460562253,-0.0774276330313862,-0.2798440617363464,NA,-0.0341254679115375,NA,0.12259680527769136
node 009,-0.18181831282092867,0.6393942674651439,-1.7232350839621633,3.1522323669095544,-2.1187425574354344,-1.505592084756215,0.8730682541940711,-0.7188655883347711,13.022392520669513,18.51660924533227,4.333807220195508,17.520877277426326,8.441824418953376,23.834289233568573,1.1931717532670036,10.02596669783754,-1.2550705837902896,-0.29948960937893176,4.008264204095902,13.322720044102386,15.171765979642155,0.2988435368557937,1.473517190611392,-0.813274425031695,-4.113044868321652,-77.76190453844738,-0.03937491864225596,-0.08780433726389589,-1.4261868663483943,0.002260839754415586,0.008990242811624135,-13.975324508372681,6.631915420900386e-4,-0.0276352003151951,4.839428883179974e-5,-0.07001158021228629,0.19824784343410576,-0.02360970809255664,1.1376237822007303e-4,0.047320185300751674,0.0179111221021905,0.06828358670836933,0.04048479481315076,-0.6143786406644967,-1.1402731420181724,-0.8562384892616665,-1.1763156789762306,-0.6685799164683168,-0.4541473170132475
node 010,0.23078089061095894,1.1744639980325697,4.749938113652721,6.266762604795507,8.105427371690293,5.442511131039863,2.0520494113599166,9.032409329364532,-10.225200832454451,3.1451747530879506,7.263502817338192,-9.184331641477302,-12.621219006163136,-0.500897847479188,3.2383660280953643,5.876912280349321,12.671003216129288,6.602559249945495,2.9841024128254277,13.831146203764796,-6.881016404893934,0.7278569412870453,1.9447215147880106,0.45251302228339324,2.9031467763229353,83.56359769015127,0.06784949241647678,0.08516236594578368,2.1761525160861175,0.043902303304354,0.013983324202548945,-8.943471968601578,-7.630269874268826e-4,0.029806327497145763,-5.92547630398428e-4,0.06669697101131647,0.15945333185151767,0.010962556079860557,-0.042923161357276335,0.07167447444824564,-0.018816155240446084,-0.11383025736389739,0.04293502875618044,-0.22427398540704824,-0.4634854976541468,-0.408776805100963,0.18998617024505945,0.3950979351781314,0.18438377130576203
node 011,0,2.532532378146398,15.260306283733822,14.197893373528148,14.561270715242348,12.117330197701278,5.331389272983301,NA,42.586171506134676,40.34479405844338,35.60778782750889,33.82739843613345,23.534463200758633,NA,24.52486386619675,21.63173110521165,30.26661965338256,24.035256783568503,27.370752155312996,NA,15.613480845545238,1.5192056340451632,-0.10352964310848217,-0.6716518978963867,0.6645303403308825,-90.53640752008418,0.0023534463200758533,-0.048749959487285756,-1.5513694004195322,-0.04539992948007383,0.004796935944745577,-1.0492724878071176,0,0.009760014173843286,-3.5607787827508883e-4,-0.03186897010562046,NA,0.1013461421634953,0.055179312082530636,0.06548091299210916,0.058888201099093686,0.13766307088188037,NA,0.4592644551436308,0.8796880826737428,-0.1823407390721741,0.3388399499897414,0.9411484080269634,NA
node 012,0.26076623865309445,-0.7415725018899342,-9.165045070958085,-7.661258200273074,-5.6699922102133815,-6.835111291673504,-4.502441926530828,NA,-42.100638043366345,-27.856870026250043,-18.342792126210817,-37.19763392241759,-38.08754190634073,NA,-17.12672483369125,-12.623384492686826,-11.852265681551605,-13.645200164178817,-18.918518688348733,NA,6.275789992245541,-0.12330397329853023,-0.04599171178732636,-0.25674040992626107,0.7272962819817449,21.665527643396548,-0.03047799951994302,0.014438242966393403,-0.4073899887468927,-0.003224189898421269,0.006361733773304693,-4.652196912000587,6.438147231383746e-4,-0.0461247868378053,0.0010788183550152054,-0.06258816168966586,-0.14211171967539343,-0.07063921422265555,-0.0685602596579855,-0.0035222708131136247,-0.0890739251645088,-0.16386039016948895,NA,0.05152475422878254,0.9063508489442939,-0.45622215323459525,0.5944304286651836,0.6482141590455723,NA
node 013,0.34819807776517003,-0.21731380233816475,-1.3298475627887916,0.3859788705722023,NA,0.029734895567556888,5.537613792593928,-1.1225138503528274,1.0824675095389342,18.417152586585683,NA,-10.50028414905693,-22.32382131707354,12.695599771028037,-0.5899967042077296,1.9568711368697012,NA,0.47728564313895133,9.562006537305516,0.652390804028286,-10.46049297419915,-0.5065300864105161,0.4506695299748189,0.4539813969778975,2.602281575161587,-79.22045736444589,0.04923060937044983,-0.029265730278333152,0.5077710596744806,0.05756744882857611,0.013546075268887604,-8.49465635250397,4.333757003491858e-5,-0.014887957040594984,-3.530152477248179e-4,-0.049795101211591,0.12045005980368612,0.0587577119897315,0.06690901138844087,NA,0.0974887879250186,NA,0.011456675314258561,-0.8752119741295409,-1.3665036808590936,NA,-1.2466685718285644,NA,-0.21270185146765125
node 014,-1.1955619354799174,-1.0702875215577765,-6.439955275762271,-2.593365054402694,-2.6530560824362093,-5.028302157129542,-4.399867883189103,-3.7640606654303657,-30.518355896441683,-9.036814886798917,-4.2130726075656,-40.44549703262976,-56.22907040674881,-16.357079768844123,-7.781197756165556,0.08426145215131318,-2.52784356453936,-4.2130726075656,-7.956800318331286,-6.101539775600816,16.244359578645767,1.1159883949787368,5.24803763675122,-0.3260810068338235,-0.6099335603627355,13.894932402540865,-0.045602218014712974,-0.04835213279877997,-0.6499264874264495,-0.08991589585828061,-0.01695044657659656,15.648178298128645,NA,NA,9.194467571947997e-4,-0.11788184809907438,-0.32869877235474015,-0.19984327638489818,-0.12091188810928795,-0.0964360856813379,-0.18247269493891416,-0.41270268543769134,-0.07662571290518763,0.8037306191064645,1.7800091136813863,0.03617186239946641,1.3988408949443558,2.4382944703025897,0.364555927224357
node 015,0,-2.054129580558529,-10.947910124651521,NA,NA,NA,NA,-9.835261635148902,-8.275153697001441,NA,NA,NA,NA,-28.477833321949575,-21.603873554582435,NA,NA,NA,NA,-22.585867807063458,2.5435124130637115,0.6477081015124417,2.6038559598786724,-0.1393940841396808,-1.164596083729864,-29.15649921129282,-0.008984452585315847,-0.02470724460961859,-0.24931855924251484,0.001718489941841759,-0.002635058509955114,1.2885237583929727,6.87395976736714e-4,-0.0427947026769503,2.945982757443059e-4,-0.01001634137530639,-0.30718552688083217,0.19203781708869785,NA,NA,NA,NA,0.0867172593319756,-0.0132038755752401,NA,NA,NA,NA,-0.035396845855708105
node 016,0,0.3424824740072305,6.510304934564146,NA,NA,NA,NA,3.827659152518069,56.03443619228246,NA,NA,NA,NA,5.341168174126334,7.121557565501779,NA,NA,NA,NA,5.341168174126334,3.841813248179503,0.7436890371439736,2.3429924390500854,0.014154095661434808,3.1912589645709137,23.571109722028392,0.0488620283596703,0.057603400405666375,0.8174303551730167,-0.049049727732393536,-0.002116295269740698,0.8393645785639516,-7.12155756550178e-4,0.005138314305939192,1.7803893913754436e-4,0.1361997884402215,-0.22290498717289964,0.1695444969760003,NA,NA,NA,NA,0.0823690062575036,-1.7870529523299032,NA,NA,NA,NA,-0.5680124248580487
node 017,0,-0.3075556773924951,-10.365619909601767,0.24002086831121303,-4.775391089725612,-4.8937638657135,NA,-15.727293967223948,-14.936192103098357,9.368496030882609,-4.182783603812178,-3.2532761362983607,NA,-21.760936833692522,-17.25763185005338,3.4998215037193385,-6.065036225527661,-8.667657134566346,NA,-21.74582507200245,8.073337788823308,-0.5899471180895562,-0.3961397209433442,-0.5385831866338899,0.1674987665726748,102.30505817037825,-0.002630068609458588,0.06065392793171237,-0.09809181813795638,0.10714239038255556,0.03578327988746066,-28.77956432711948,1.500233058228011e-4,0.0476935718282348,0.0010501631407596078,-0.20180246560911808,-0.04501223082807673,0.1110322685710755,0.12058993662459638,-0.029490931904413844,0.08134724077637999,NA,0.013275589109204435,-1.2009637190855658,-1.7447644723747069,0.30368510255351183,-0.7374671834414569,NA,-0.25993066770389084
node 018,0,-0.1750515786646904,-2.235661935199686,NA,NA,NA,NA,0.8973162532532242,-1.1206887238456493,NA,NA,NA,NA,17.803893913754447,-3.5607787827508894,NA,NA,NA,NA,5.341168174126334,8.77580636849827,-0.2311980837293581,-0.3124583381863906,-0.4834647392280019,-0.8435484936336869,192.73133983433465,-0.005155168129689995,0.10590508440341383,1.0467232680718366,0.06881204997666092,0.007618662971066498,-2.254329047359587,NA,0.04648021232967541,NA,0.11145237590010282,NA,0.03842027820221052,NA,NA,NA,NA,0.09675612840461753,-0.603482990906299,NA,NA,NA,NA,-0.6956773943930525
node 020,0,-0.04788729296529406,-12.292174955916552,NA,-10.392217678177763,-9.722928963739893,NA,-13.394964799265017,-14.275344786402032,NA,-34.54719538203792,-34.54719538203792,NA,-3.4022990574794125,-17.74866008318425,NA,-26.41596524943631,-26.078919440831058,NA,-13.921073643519913,-3.244602496165245,0.03393638783313005,-0.6298222605237299,0.1253180152838247,-2.7936277560963467,-41.407713966746215,0.01537843961080582,0.001038206893556505,0.8107746959367875,0.0642467472020696,0.012933354304844564,-18.855201146645136,-2.26819937165294e-4,-0.028531206554246957,-1.13409968582647e-4,-0.12775632960835195,-0.14235147425346018,-0.025022049707799716,NA,-0.07568267683891122,-0.09445781641888044,NA,0.032335485541325766,-0.008030600879955113,NA,0.31373450081293575,0.41889259352178254,NA,-0.11453005351063632
node 021,0,-0.38719795408867186,-4.403746340351478,NA,NA,NA,NA,0.698624797175725,-41.46548278228902,NA,NA,NA,NA,-32.937203740445725,-12.907823087471973,NA,NA,NA,NA,-12.195667330921795,-4.854498733993858,1.1091456299900382,4.199938574254674,0.40218996351171277,-1.674456222588606,92.29185433711599,0.048301683997747466,0.1218188642820221,3.0061354328435694,0.005074109765420051,-0.0019752089184246523,1.1092716102964695,-0.0013352920435315834,0.025635064949167428,-8.901946956877223e-4,0.1876530418509719,NA,-0.22596159627218093,NA,NA,NA,NA,-0.09381208507429907,0.9588255857047921,NA,NA,NA,NA,0.4009330959100109
node 022,0,-0.3880945050677484,0.3823789925761362,NA,NA,NA,NA,8.665155167824288,16.81033085768474,NA,NA,NA,NA,-0.8901946956877224,7.299596504639326,NA,NA,NA,NA,2.0029380652973754,-3.918993128295629,0.040344794058442913,7.371613255520461,0.4102017157729024,0.8171987306413284,-33.96874763299593,0.0878619959494989,0.03821548548313663,2.4940927549184924,0.013174881496178273,0.0023984679723727887,-4.11706144808615,-2.6705840870631665e-4,-0.00560697557109664,0,0.12329196535274956,-0.07654303983865787,0.022123845818174396,NA,NA,NA,NA,-0.04892653500601351,-0.06361898840455679,NA,NA,NA,NA,0.24297120000137534
node 023,0.1665470067620099,-0.14527016888754307,1.189465864180982,-5.077825540277,2.1658063292001963,-2.5099599595613267,-0.5415138201554526,2.8949486347342104,24.56647566303102,-6.866073541968507,26.748354922722722,18.734072308343347,19.101651198014476,23.682380065697156,-3.7313587029748927,-10.017651866806768,15.852809813902683,0.6949703655388654,6.755721648492521,8.651412362250818,5.070876855542993,1.723488850695266,-2.9145561491546133,-0.1510771430912661,2.284461127731843,23.235712345224027,-0.018836977107466787,-0.019025554304507263,-0.15334722476342505,0.11923259203370724,0.003763687284661033,-7.395070056752232,1.266468928278342e-4,0.028587706535115002,2.6159495849715006e-4,0.06300127637813122,0.9963471430129388,0.026015460760161993,-0.025639604604016885,0.02538543451838251,0.026672392860311665,0.08630713408855382,-0.003421627115733167,-0.7347062979150468,-0.24686483086980923,-1.3757631555507217,-0.7535042114786574,-0.7321734870531016,-0.24742639621662893
node 024,0.7030499455664176,1.013919601453086,5.833227355238334,1.3047215698003316,-0.02763020394139679,8.264119986094276e-4,-2.943679009477327,9.760810236898227,33.20724133750429,15.38243758689944,3.357095615800909,4.16774278842811,-14.087064250674782,75.336404053984,-0.778991215144818,10.171993905355496,6.836901726093065,5.842909191667544,-11.114213760350948,31.27582918224153,1.4758743835499566,-7.282500014616745,1.2915273074799742,-0.10449317546046658,-2.9012799364798765,-58.90003451626219,0.0015137056603203253,-0.03754861814148505,-0.045403348030870004,-0.03494239973450481,0.004538654148820904,-11.305235627425441,-5.004756373352483e-4,-0.052366994573669765,-5.743547415025705e-4,-0.04569027804997411,0.07615995573095227,0.07637414602280888,0.0014068964766606128,0.01831228775037032,-0.016881158775772707,0.1476357527508248,0.052455449923301145,-0.13729599268233159,-0.16401731629872673,0.3737490944699288,-0.010115813920187417,0.014433024831174151,-0.1280113619405203
node 025,-0.45476681356633286,-0.5186606325970927,-10.241451044228418,0.6102443355010355,NA,-1.4891982596812399,-5.875721258041331,-14.873650793247444,-63.90362357572102,5.184742231720102,NA,-21.19036226813682,-35.88314920284846,-87.12190806342159,4.581057367946828,4.291154001758677,NA,-5.952465128192092,-23.05711022097729,-42.656761461139425,-4.516831333568596,0.5846978086339686,6.113723674931487,0.6145647874386958,1.141887276365502,-0.5954232320467351,-0.011942457284480014,-0.033530761774924686,-0.022658598645587755,-0.06808093362101758,-0.016737718855888786,10.531968137983878,-3.233947295391486e-4,-0.14137691013788628,-4.2099612549712553e-4,-0.13953217516346086,5.4316458792305315,-0.10037131606046931,0.033508423080501795,NA,-0.028042007271540676,-0.26947086382981084,-0.06777194666991722,0.47656307259576325,-0.292988222307014,NA,0.29821702035194614,1.0747810813947378,0.6121621008995224
node 026,0.5910824069286744,-0.06631944605739731,-9.980190008027897,-10.002769355972573,NA,-8.289799080594275,NA,NA,-46.695510147365276,-47.87767496122263,NA,-38.788772973000285,NA,NA,-26.268346253867282,-27.2503405063483,NA,-26.268346253867282,NA,NA,-4.400316245367455,-0.09451407686789946,0.4730757311327321,0.8274774568531312,-4.7865345848682335,18.701681653915948,-0.019867151499234195,0.0037643023893285826,-0.05385043695845057,-0.0896560752515171,-0.014528430703536268,11.1338508346298,-1.4729913787215297e-4,-0.09194867619315754,-1.4729913787215297e-4,-0.02700484194322807,-7.9923798735267635,-0.03678658302231223,-0.014581522811482676,NA,-0.022337343911874977,NA,NA,1.2036649388583798,1.1337553066091632,NA,1.189075102562891,NA,NA
node 027,1.1206887238456493,-0.6970683862319939,10.519232637504803,10.519232637504803,NA,8.355723491603237,NA,NA,-14.56895340999344,-14.56895340999344,NA,-11.57253104394039,NA,NA,0.4450973478438612,0.4450973478438612,NA,0.4450973478438612,NA,NA,-8.909958709138413,-0.09290509520680679,-1.408911144864958,0.664352301391747,4.2777415906577865,NA,NA,NA,NA,0.05358972068040086,0.012697771618444176,-5.167402169528091,8.901946956877228e-5,0.029362294962535656,8.901946956877228e-5,0.05821873309797705,13.844764356644381,1.728721836246286e-4,1.0293245800011293e-4,NA,1.4612487439729185e-4,NA,NA,-0.8940590294346548,-0.8940590294346548,NA,-0.8940590294346548,NA,NA
node 028,0,-1.1660004248302906,-27.338605381653515,NA,-7.034785205152593,-6.7336732259620025,-5.224607233086931,-26.598228496074476,-104.02870146093578,NA,-18.016826002505358,-36.95759180001099,-42.96302561552355,-104.27070809651893,-19.074650229496573,NA,-20.97343334650624,-20.395970974631066,-22.980595033766985,-72.18189280504647,-18.507888125799756,0.2122558588615771,-1.20449921140336,1.1733962423427793,-7.095448855427408,-70.03680024379403,-0.010203927363646526,-0.008853172585856486,-0.0804615441934825,-0.030694912319261337,0.009853348293857325,-3.6554930507242323,-6.869116342665822e-5,-0.04312560595070352,-7.434608303547042e-5,-0.05769023827012082,-0.6978743223466322,-0.04940166561934775,NA,0.02652859941736629,0.0449043806702004,0.06964688262295177,-0.11872134335721228,-0.26688593817669387,NA,-0.5476074182174878,-0.6553056685089296,-0.24930355415353994,0.08363122450097672
node 029,0,0.012649163508273551,0.644870905959184,NA,NA,NA,NA,0.8606452806377117,52.015251809723345,NA,NA,NA,NA,41.2738270262865,2.798683619570907,NA,NA,NA,NA,4.600311970638183,-3.4495494101153286,-2.261244855946338,-3.934949169116695,0.4104244978244425,4.460512493044534,18.464232227637932,-0.011053241009566213,0.023052213870218306,-0.018264446374096042,-0.004271674998292429,-0.02093803248450815,7.273926026402657,0,-0.0021784753874265436,4.9099712624051015e-5,0.013846118959982437,-0.4626955020216384,-0.08841641522208545,NA,NA,NA,NA,-0.056561903291872266,1.1086884987400407,NA,NA,NA,NA,0.4455077327191841
node 030,0,-1.0767577258709,1.0207232896786174,NA,NA,NA,NA,NA,8.965509790765195,NA,NA,NA,NA,NA,4.450973478438612,NA,NA,NA,NA,NA,5.826680361154415,0.7631890209388882,1.4503051982144373,-0.4515957691223814,-0.11252060953493152,11.592628297204167,-0.013560333558532357,0.011879300472763888,-0.03238790411913926,0.05154227288031913,0.007618662971066508,-1.514043138425679,1.7803893913754442e-4,0.15151414444417288,8.901946956877218e-5,0.17002718687635499,NA,0.006300115921971378,NA,NA,NA,NA,NA,0.25774405067811895,NA,NA,NA,NA,NA
node 031,0,-1.8014835281136485,-59.17271152643078,NA,NA,NA,NA,-47.44367589722372,-209.52626814314343,NA,NA,NA,NA,-156.10383197276548,NA,NA,NA,NA,NA,-119.8568121648478,-5.108137849703189,-1.1708939149688344,4.913434418507928,0.3565702445332349,-3.8401470823407884,NA,NA,NA,NA,-0.09544419422832674,0.01838484482653135,-7.870365043979943,-6.812576318938374e-5,-0.09559171790802193,1.703144079734594e-4,-0.1357405831548473,NA,-0.2224407273674041,NA,NA,NA,NA,-0.11858511525205516,0.7124875171089351,NA,NA,NA,NA,0.2615935956834382
node 032,0,-1.2692798327370818,-8.520987932057462,NA,NA,NA,NA,-8.025523690982133,-91.1587418517476,NA,NA,NA,NA,-107.48392454762109,-26.038644214764663,NA,NA,NA,NA,-34.39485585523875,24.801150822311968,2.41437851846155,-3.5267593613286587,-1.1551824828090733,-1.0864742204768842,NA,NA,NA,NA,0.01787209135808441,0.008589259762943016,-3.0390002013476036,2.4822349108450585e-4,-0.07113824876532618,3.475128875183081e-4,-0.10748077163959101,NA,0.023341009126835083,NA,NA,NA,NA,-0.03777308057597854,-0.20816589782332587,NA,NA,NA,NA,-0.03336157610358494
node 033,0,-0.16029654341224242,-1.7439176458117251,7.80130757397297,4.11654832303425,-0.9441387932263028,-0.5960005664474504,NA,-103.51831570653604,11.502035078504006,-12.898070945714531,-48.15279819733425,-75.28604778657167,NA,-15.090743006486003,13.027051655171679,-5.675151216114395,-14.832781587571715,-34.84023419331509,NA,-4.365653066565818,-1.0909157452184775,3.7805105813285667,0.3271810663229587,-1.3774279898626742,-31.98308155906454,0.006482965226065891,-0.0294870353830739,0.011606599033763132,-0.004299356981904824,0.0019073120908749068,-1.4479374443659143,-8.598713963809686e-5,0.010222752834696914,8.598713963809682e-5,0.029321614616591052,0.05562802419785576,-0.11965544817937471,-8.284470906030769e-4,-0.04288749722972444,-0.11061851278800487,NA,NA,0.1347789248828386,-0.42464648803382593,0.7988787314178668,0.11961509713664312,NA,NA
node 034,0.11081687061760637,-0.08916819817898655,9.393431801269706,3.8586561636482446,6.319542134931088,9.393493952196295,3.5679006461917715,2.2930419356658587,91.96487773155019,13.502437193642422,57.95185927439177,91.08411824108609,92.84894096433797,7.081718575076456,36.84096232514743,7.52273296149298,27.804322505153465,36.555923575777115,54.997427899368205,8.99054298041185,-1.3682812788389567,3.891030716498416,7.083336824358685,0.12000238869715392,1.471653956743094,-51.793453353483685,-0.0033017847580941455,-0.030781079005007296,-0.0901294919711121,0.05156730731464919,0.008150836416267746,-5.491287493845033,-3.778403563951393e-4,0.03205215873603478,-5.946679773573597e-4,0.10938241541769063,2.3042825932649107,0.2387751795411498,-0.022925495028790696,0.14091830405777173,0.10722488864869209,0.0675929297444672,0.01262279852392013,-0.8220169188678736,0.8502734892791919,-0.8875845338070718,-0.7511149113306381,-0.11930980615201942,-0.12784502790318986
node 035,-1.1206887238456493,-0.057603400405666375,-11.715343712465266,NA,-11.77994640803563,-9.362978789773896,-6.854165187100861,NA,-118.79300472763883,NA,-86.34888548170906,-94.36063774289858,-118.79300472763883,NA,-32.937203740445725,NA,-41.83915069732295,-32.937203740445725,-88.178969572529,NA,11.119689002244046,11.701110965672424,-1.4006323341950626,-1.0766014649647317,-4.022344732464976,-68.64666709044141,0.013448264686147791,0.028801700202833194,0.0024655151924604293,-0.13637782737935908,-0.04853370485271996,20.74910306443728,-1.7803893913754442e-4,-0.21105632052924186,-4.450973478438612e-4,-0.41233818304255304,-2.591816811637833,-0.3790613766195424,NA,-0.17619369266984955,-0.2577009729240064,-0.25816316529916605,NA,2.140093081151341,NA,1.93002409351245,2.278057735743959,1.1038998252255718,NA
node 036,-0.7802507559472815,-0.250199729153983,0.7609262120948121,2.048396213046031,2.0003561217912735,2.5785202534815643,1.9379804769997078,-4.667766605928941,13.584587716530457,12.126487235847044,6.294663165240724,12.714971687071333,6.711874126937678,-1.3643463799268334,3.795507702189983,6.139815333143926,4.059996938451981,6.4318518600510055,7.404664790956044,-5.600416199387232,15.769198071528695,10.229532042608938,-0.8605109564635426,-1.9700560380851408,0.709233520579043,-89.49821894794721,-0.020958840800393914,-0.008474958765208524,-0.13296697014250689,0.01858642340509141,-2.0746080936317912e-4,11.494088526999901,1.6654465001601462e-4,-0.0396626977130205,3.1946148059668945e-4,-0.008589684486887942,-3.473104022865606,-0.05079088754355595,-0.08952475154554242,-0.05503796328907011,-0.07707411859156181,-0.14854982655241653,0.03202040966458854,-0.02317797910269774,-0.29343590895253613,0.6118321966331658,-0.05831942010325116,0.42761922403014213,0.08378451729483763
node 037,-0.28900349879076637,-0.3358616088948501,1.4519959058468443,-0.6773846499133725,3.65409711926609,0.9538264004870043,1.7843504442832074,NA,0.6662103574975082,-0.24682825067814457,8.560288103576253,2.570549974221711,2.2922740198760763,NA,8.035934732740014,3.914521489626157,11.39418153606771,7.581246211293355,9.905504407171213,NA,5.752395335109917,-8.062740299317124,-0.8393876815156869,-0.35783825652392803,0.41695736547700046,23.25539506171294,0.0013572879320475724,-0.01880276795001793,0.01322537417837095,0.002449035845860811,0.05470926857900235,-26.06512625177171,-4.2597338575765527e-4,0.0837344427463069,-6.263489619808521e-4,0.09107710391274544,-0.15883645095692156,-0.00405443401326082,0.031574945652341944,0.022189876627699875,0.02427416773926561,-0.02271458764911805,NA,0.9647963743383857,0.9724946990355581,0.34013007267074935,0.9622655848634188,0.6161772485430842,NA
node 038,-0.3638372374501606,0.5421396297598939,4.107201140716137,NA,NA,NA,NA,4.606634773122654,3.805111925617943,NA,NA,NA,NA,10.757500741920778,7.568852431726981,NA,NA,NA,NA,8.558079381996311,-0.8920722012277846,-12.966926891359458,-2.5024620550608163,-0.050751519980309495,-0.4732342218867682,-55.581109887021874,-0.0011117295983553827,-0.05823203702733821,-0.04407065774565974,-0.06575579568324134,-0.028576288970414625,48.30563865231268,1.1847356232982898e-4,-0.043245951844068785,2.5636526085717504e-4,-0.05651478477750853,-0.6163386769139904,0.0022044509236306483,NA,NA,NA,NA,-0.017414845367373883,0.09199687428340068,NA,NA,NA,NA,-0.13873055559143238
node 039,-0.4713306256499632,0.3614884369158963,7.629902674694493,5.125189465004479,3.0864890982998463,5.377272462457821,4.443515641987612,1.5231873510315206,4.929307943130238,10.54360431470752,3.452244008265663,5.959853212662702,10.877608711810536,-0.7646139004224288,9.399786671568013,8.553790245122359,6.210966991107563,7.5510641421250435,10.835852769338777,6.473731023576566,-11.269944690614949,-16.391940174731438,2.2183024359112475,0.8351482861012363,-1.9773482983321495,NA,NA,NA,NA,-0.12825180655499982,-0.007166310066961426,2.9331761145130786,-3.719695532706528e-4,-0.0579387705979257,-7.198236492163608e-4,-0.07226233581793484,2.841862227817228,-0.016117699155188535,0.008785810190328938,0.0027761115283475133,0.03196751957377077,0.035973830178057595,-0.0225207993134964,0.5362863200517443,0.26831226458153595,0.0576330683974585,0.35035378844692094,-0.05698738505012103,0.3119219884080665
node 040,0.9098663302851151,-0.07237469608920964,-0.7385313937827803,0.7558505577976444,3.6294797828958254,1.915620268604706,1.0248208284294957,0.42016376754344403,-23.26934855340732,2.250708755189576e-15,-5.164647893594568,-6.164776617024592,-15.204436666786933,-11.60520731081458,-3.1340547946842827,-2.157671815958608,2.1597618464122745,0.2521954070600966,-2.8830223261865653,-1.6578867586877981,-0.11265833609968295,-0.42733610903938585,-2.360144577309096,0.02307536441923179,0.051636269196658424,-3.990024292281566,0.025340727777978217,0.038898017139196536,0.11105573948698956,0.002652488848363835,0.006831911948343344,-1.0416438223382614,1.1749397197195154e-4,0.04375987250927412,8.610931358682996e-5,0.021261027453453176,-0.2750736000299536,0.08964537295152739,0.014555400768808444,0.015931683851979947,0.012298954695363877,0.043009619168762246,0.058888269810424346,-0.5572228146534312,-0.35358018861589724,0.3334259669803014,-0.48424248615978227,-0.2168361544284416,-0.16767519074415807
node 041,0.5910824069286744,0.11390157981515554,-3.3024365157511975,-6.159130656628377,NA,-7.070034595323601,-5.160015193402572,NA,-2.955412034643372,0,NA,-7.738842567428719,-23.004070157008012,NA,-7.364956893607649,-8.082791125981107,NA,-13.285013074085967,-22.887745090498967,NA,9.434951678125017,2.3168066021976337,3.6096144732697324,-0.46924595354805543,0.22296179502580704,-40.37601199189364,0.014848081646796081,-0.11188343212726622,0.013384186273168303,0.06014714796446244,0.031122177536496813,-15.804362798567405,-1.4729913787215316e-4,0.004462561868595539,-7.855954019848157e-4,-0.09554804076640323,0.14346174661552263,-0.1968188706957594,-0.047477353300555476,NA,-0.063880385643092,NA,NA,-0.8774100848182911,-1.1439296341652723,NA,-1.0015206401919463,NA,NA
node 042,-1.1206887238456493,-0.14624987846185725,2.3853859487054647,NA,NA,NA,NA,1.0490054293984115,14.56895340999344,NA,NA,NA,NA,2.670584087063167,8.011752261189502,NA,NA,NA,NA,2.670584087063167,-0.7994838561971429,-0.2079998271457515,2.2502341517594244,0.02661682140106293,-0.8297504758505245,NA,NA,NA,NA,-0.04602306576705524,-0.014531894185552778,10.932748116149623,6.231362869814056e-4,-0.11457189760954196,3.560778782750889e-4,-0.08278810669895816,NA,-0.2723796711250354,NA,NA,NA,NA,-0.16855526891541128,0.327821579411779,NA,NA,NA,NA,0.09699089356965848
node 043,0,-0.15252573531539287,0.8247148318780133,0.5540685050692892,1.7612502054181587,0.7423333567339919,0.27862790801885806,0.5603775609354213,4.482754895382597,6.7241323430738955,-4.450973478438612,-12.462725739628112,-15.68964213383909,23.14506208788078,0.8901946956877224,2.4480354131412363,1.7803893913754447,0.8901946956877224,2.8217270263209278,1.7803893913754447,-0.5780034159100383,0.14591367184470388,-1.063159525059847,0.02830819132286942,1.8027332782372019,-99.76942570923133,-0.005379305874459119,-0.020620672518759948,-0.03238790411913927,0.021809770044349218,-9.876044592123235e-4,-0.1428762486578785,0,0.008921388121554966,2.6705840870631665e-4,0.0538567790891072,-0.6222063794791045,0.03355163868590573,0.006327856003063628,-0.0016775347355149615,0.004535220917307276,0.042346552963823746,0.024157409797859703,-0.04569505319316645,-0.1836660654975461,-0.008671560636332405,0.020088091533282074,0.48087963804892475,-0.16173300219963394
node 044,0.6194404282401991,0.6899017769525218,-2.5354006448085467,-0.0867755892932221,NA,0.07882940727460348,1.0031946627644361,NA,2.787481927080898,4.744716304003611,NA,7.406168622393707,14.788349295594418,NA,-2.13274022964909,3.379064433967128,NA,1.7589650478185048,5.458153388826189,NA,12.125459143306886,-0.04054237602831567,2.753118355151431,-2.1714896268085577,-1.1553635480435391,102.00830375780374,-0.025737749793380265,-0.08049628364981386,-0.12902944120243343,0.07306712630927663,0.013844112280568728,-8.52417492695656,-2.7697925060377786e-4,0.1033117938731426,-8.309377518113333e-5,0.10813269943571482,4.0577374412516605,0.1144365835005162,0.08088981443207419,0.01627917734284827,0.030476257171754985,0.01834523460253308,NA,-0.33287825894739276,-0.4614240092113384,-0.7973640136714457,-0.5230573779740265,-0.5059741198921095,NA
node 045,0,-1.3642143835373088,2.9154717150844567,1.325998898054172,NA,2.3158415008316098,NA,NA,14.56895340999344,-2.2413774476912987,NA,11.57253104394039,NA,NA,2.3145062087880777,-0.5786265521970199,NA,2.3145062087880777,NA,NA,0.4649486895576986,0.3151376691453987,-0.13895939199685356,0.04237326751473566,3.323719935289248,61.955707133593314,0.0013448264686147788,0.007844821066919545,0.05222409453120726,0.0885743722209284,-0.00804192202501464,2.3599061382681517,0,0.0262809422503795,2.670584087063167e-4,-0.054301876436951065,1.6509986279694109,0.06594608200433172,0.10813497139226114,NA,0.04642208648509007,NA,NA,-0.6771334189630024,-0.30618426240109403,NA,-0.6771334189630024,NA,NA
node 046,-1.0040905429776574,-0.12345293225910298,6.522421553601416,NA,NA,NA,NA,NA,11.54704124424306,NA,NA,NA,NA,NA,9.05810610626604,NA,NA,NA,NA,NA,5.171673017965001,-0.6796186840144255,-2.271183181286464,-1.6433932320331128,0.1837320964159342,-137.7950101433058,-0.007380065490885776,-0.07867049404229944,-0.2541353164276451,-0.05123096290799769,-0.013939356948655564,8.137002042073972,5.898301650591838e-4,0.012628737334492728,6.319608911348398e-4,0.0722963259458257,-1.2763496937060488,-0.05517827889543541,NA,NA,NA,NA,-0.018247662113355163,-0.007549561527409107,NA,NA,NA,NA,0.08607986048156287
node 049,-0.5318248711288986,-0.6564778726510622,0.18880483144691618,5.271592308807818,-2.213899623535011,4.109196570123972,-3.562092473394625,-2.470013668711862,9.92609637753425,18.178284349144388,-16.51880494776783,15.585911940999754,1.6567753037271757,1.1331231225355272,-0.0849940793164503,14.949470313778015,-9.340043018692535,10.709422558743551,-1.6156984241487415,-4.401859964167262,-5.896762864573185,9.086699668032749,2.9069321814674205,0.28711814176474354,-7.933417726230587,39.553993519985795,-0.023125016657654065,0.021123746061094777,-0.23521437398043496,-0.08113913805961204,-0.0044544278523585175,21.009440028998288,3.7077639596884825e-5,-0.014048038996390351,2.9444351284806786e-4,-0.017527250424969307,-1.0750598662464568,-0.08232051661783905,-0.058971676561189505,-0.011795392816102538,-0.017468912339786504,-0.06375929075624952,-0.008616176493430128,0.16010678597903621,0.33555787350119615,-0.0971870342849023,0.3738865223432502,0.04018746223650447,0.1807533053359081
node 050,0.379367155222619,-0.3714034465345066,-0.22569989449179026,-3.275610700267817,2.7977665190505734,-1.9056810005718494,NA,-2.1304920269446987,-14.148317450883141,-13.729420361348991,-0.08576926637690462,-12.552568408093997,NA,-12.648126161940715,-7.061832253277214,-7.306872613774271,0.21792963282138542,-5.361008214093717,NA,-5.698803041617497,7.305936947732758,-11.356140058873658,-2.8638851912457755,-0.8056938122652307,3.6655855417250236,61.97353860098896,-0.001965896601283535,-0.014954884660398848,0.053597195411893415,0.10932866155607542,0.020140626049052174,-27.846172396085954,4.816671604808261e-5,0.1997434581968896,5.559153684917837e-5,0.16767856992799227,-0.7883412845661893,0.11041807403508519,-0.007208548505080564,0.03781734516853211,0.02407691536421321,NA,0.07666359650876993,0.2565070659518104,0.5741871925650686,-0.09360267814550083,0.3493689463639265,NA,-0.060416880279653314
node 051,-1.1206887238456493,-0.06892235651650742,5.855710650965903,5.297831804235537,NA,3.0213207971641296,NA,NA,-26.896529372295582,-26.896529372295582,NA,-21.364672696505338,NA,NA,-5.341168174126334,-14.510173539709875,NA,-14.510173539709875,NA,NA,-5.595407779214747,-0.5094650938602313,3.4591185485033513,0.10655630507382029,-5.415410411746688,NA,NA,NA,NA,-0.11020610332613999,-0.03005139283031788,8.67672769886823,-1.7803893913754444e-4,-0.07723127554154849,-1.7803893913754455e-4,-0.041394053349479126,-0.5758098663118947,-0.08109787516211649,NA,NA,NA,NA,NA,0.5237551935709168,NA,NA,NA,NA,NA
node 052,0.5972216704029226,0.5871589873831214,-6.012453404043608,-7.995245782096087,-3.9832364217032104,-4.686067931718811,-5.078513235599084,0.66448359695364545,-34.70860987992507,-38.87513549521677,-2.8873784059639624,-28.10301926344201,-38.40335999739337,-9.237034535668087,-14.64558274272042,-18.40148462703006,-3.2134506821063082,-8.428124303828815,-25.98103971422911,-2.152893363093495,-9.546041306187888,0.020880113368602297,0.936572014235226,0.7682142827221189,-4.766222778444125,24.378888728795992,0.004984583136163909,0.007828293979732332,0.013203070423804138,-0.07478220270472188,0.0079798826042268,-22.178306259764156,-1.3992467072434912e-4,0.06301190321385763,2.2247578769305951e-4,0.095371836563748,1.3121458509698272,0.043169031223346366,0.004637792603489605,0.012793421839653022,6.469503526207312e-4,-0.05643101936586833,0.034194735818569716,0.3203389881702281,-0.532133722286239,-0.13097087923416456,-0.6829456441048557,-0.13519407638930492,0.28499859067369565
node 053,0.7858817804003655,0.945266676235134,5.870429173467007,10.77874680110588,-0.4668308433030155,8.2168681797638925,1.2944938499850698,7.059248397970188,26.262583090449258,13.29251981431216,2.800985059818093,14.376404943539685,8.250033753698943,31.685491542417726,16.649466508411923,16.324055539298485,2.334154216515077,18.056038665975574,8.168523085627339,18.32510771697026,-4.084174037528612,-14.725580019879004,-1.865578120496241,0.7350224945993983,-1.6167797476222865,61.737586645079624,0.017132052384364257,0.08473106586029644,0.0745679839373685,0.10245934894513774,0.02461038889292455,-17.050652409483686,1.2570135441057235e-4,0.124605749801995,4.958957531953451e-4,0.27987625816834927,3.08788612244987,-0.014590606063474688,0.027279973788391434,0.02066346067545163,0.04531862223751376,-0.03820795753060992,0.005312120444022207,-0.28680121936016617,-0.4888217283872355,-0.49100347205198686,-0.5239420875604509,-0.6116821034366946,-0.039124087991534266
node 054,1.3371440644272674,1.85131284314266,5.001760276868938,16.953190282801586,3.599239791928089,13.031203691782286,NA,-0.47375026247561147,28.63865975843722,39.29833695101137,9.966972239612563,36.43514335676776,NA,5.691263539600884,20.923936418218428,30.804789442372783,9.13639121964485,33.191085349049,NA,6.639807462867702,-0.6794757272201943,5.650103421970936,1.576419360607337,0.2953299186188448,-2.335581009434962,NA,NA,NA,NA,0.006340335101732294,0.03782328952099334,-35.89826910302903,-6.493322195037278e-5,0.03979466073152473,-6.188545182448795e-4,0.09275874216881448,4.204079822385699,0.030464053607974845,NA,0.0339800994463951,0.044982704046738875,NA,0.037882998795312005,-0.8976052901809544,NA,-0.7480981913029896,-1.2030935789781538,NA,-0.06680232763534709
node 055,0,0.36842166423864275,10.569026301810242,25.22444171568118,NA,23.81242772812487,NA,7.184483478181908,75.06746567994165,80.9782897492284,NA,62.35663503254476,NA,60.19099774666781,35.05719481357241,60.93274336644728,NA,57.32391448857953,NA,34.39485585523875,-7.118132638246549,-10.218278001538769,2.3428909872818418,2.270714409724487,2.8284380454210867,NA,NA,NA,NA,0.03677568475541418,0.042018500564149026,-10.636716244311286,9.819942524810192e-5,0.0617134773683488,9.819942524810192e-5,0.1994921323915192,-2.9206803982979443,0.07573488689047053,0.07132727701938608,NA,0.07631205215582422,NA,-9.318530920067752e-4,-0.5040586997564337,-1.3187429396943025,NA,-0.8636355368675931,NA,-0.42280054138269735
node 056,0,-1.5630245631475275,2.3039118784818853,4.622840985863303,NA,1.9163221214069595,-3.142331355219401,NA,-1.1206887238456493,10.086198514610844,NA,-0.8901946956877224,-17.93101958153039,NA,0,7.744693852483183,NA,0.04450973478438675,-19.752089184246493,NA,-0.15409270182354298,-13.26043725603126,0.4232875777995118,0.3645347278841223,5.726978555237398,91.65676003731267,0.027456873734218408,0.11834472923810058,0.10388784470049167,-0.013976056722297245,0.007618662971066508,-3.158499799769606,1.7803893913754442e-4,0.02849736699770395,1.7803893913754444e-4,0.02163173110521169,NA,0.056423249671604614,-0.021823123864723893,NA,0.03051626300283177,NA,NA,-0.3819645381385651,-0.7812865466995857,NA,-0.6028952577203732,NA,NA
node 057,0,-0.11049990817118101,9.163983763758258,NA,NA,NA,NA,NA,35.86203916306078,NA,NA,NA,NA,NA,14.243115131003558,NA,NA,NA,NA,NA,NA,NA,NA,NA,NA,NA,NA,NA,NA,-0.06338186233296585,-0.0331552925592709,43.229723831456745,NA,NA,8.011752261189502e-4,-0.1445676185796861,NA,0.004579875595200425,NA,NA,NA,NA,NA,-0.3729642964204923,NA,NA,NA,NA,NA
node 058,0,0.27815494125849016,-2.020377631348937,NA,NA,NA,NA,-1.7075714652681895,6.7241323430738955,NA,NA,NA,NA,5.341168174126334,1.7803893913754447,NA,NA,NA,NA,1.7803893913754447,4.069257992927717,1.1741455759730877,0.2999956124467622,-0.8998978178707184,-6.66542180343139,-40.82624193420747,0.006275856853535637,-0.018491363943453215,-0.016698261985300177,0.027328977157613076,0.016507103103977426,-22.51524934068172,-4.450973478438612e-4,-0.057771858005335575,-4.450973478438612e-4,-0.005252148704557564,0.05199995678643812,-0.07773220508390236,NA,NA,NA,NA,-0.051538585368030396,-0.224564401322918,NA,NA,NA,NA,-0.12219754332584468
node 059,0,-0.26758541136039604,-7.451587072194117,NA,NA,NA,NA,-1.524938217766805,1.650800980823381,NA,NA,NA,NA,19.17137239898513,-13.557946723308635,NA,NA,NA,NA,-4.0484365805861655,-1.2387722567841148,-10.930456406128414,-4.630750237864631,0.016374985257210126,3.6584065742832044,-25.18213749493003,-6.673638874912283e-4,0.03403893032959867,-0.05292246300994735,0.0055090329697110715,-0.03340775207790194,58.47496890593379,2.4875899421085066e-4,-0.1513642802437556,6.714063614221083e-4,-0.13165171926260572,-0.9024800533412386,7.265081829329174e-4,NA,NA,NA,NA,0.002632972493520377,-1.0155373174869329,NA,NA,NA,NA,-0.5102725387013217
node 060,0,0.1814276882946321,-10.004503051835366,-4.5220192186346,NA,-7.823914275534746,-6.12564604313685,7.682731506499559,-40.4035964532502,-35.29596072841202,NA,-37.04493979734695,-23.414788795762668,38.89030085393938,-18.676345059395217,-11.240245490711748,NA,-19.567499253722335,-25.21149992891561,24.899277985753873,-10.581719944973207,-6.622810987574786,-1.6722747086872043,1.2031469997847581,7.770220538944094,-64.12152435246682,-0.004279068595921401,-0.02936870111395201,-0.0784757511524388,-0.02829803553991422,-0.047068128545728616,32.362738107273046,-1.853845494164737e-4,-0.11265890929897107,-5.950381089807037e-5,-0.08936455120083918,-2.5295472190026547,-0.04726142696166627,-0.009287807984998986,NA,-0.02223756153736673,-0.06676181522659749,-0.014389166320319882,0.19872395711093255,0.9305856842579072,NA,0.6859382842620725,-0.007793727765817851,-0.4476027366453967
node 061,0,0.15616090923916062,7.172590155713008,NA,4.189768854917332,7.2268824799428835,NA,NA,20.607680116176674,NA,1.9331743897556097,13.532220728289268,NA,NA,14.067695616958922,NA,1.6915275910361585,12.807280332130912,NA,NA,6.081703874634416,-8.936961755371676,-1.3666749786936743,-0.2765495449096446,3.874707718878014,1.4881713385802968,-0.0032622785285392215,0.0382888479928551,0.023122114482979763,-0.1360274497043992,-0.024873410101499627,30.218450604643696,2.8709376590285898e-5,0.004118963758540854,1.9889507601994575e-4,0.055028404622701026,0.18160017142201676,-0.0167310196185259,NA,NA,0.003297509697228282,NA,NA,-0.4513936130803277,NA,NA,0.21803745101222285,NA,NA
node 062,0,-0.03788838228412812,2.059981296387123,5.133149127625818,7.540384249143991,2.973779237243943,NA,-0.6531583126909845,4.1375768485007125,-2.0912791051825463,10.318456756571624,-1.7197427927619375,NA,12.038199549333562,-0.24549856312025845,1.4617813738476462,9.88852105838114,-1.5477685134857444,NA,1.3757942342095513,8.9300593332119,-13.908760117438637,-2.482972467398259,-0.6556775623815769,4.4416582033969005,-4.644312636789393,-0.01808956425982903,0.017671308438792516,-0.05479151255578272,-0.054206082736952294,0.0012107025586280227,6.768051687237062,3.4369798836835695e-4,0.046940658557258985,2.9459827574430616e-4,0.03648108647966993,0.11031497279837933,-0.028677887866924674,6.8300990289515774e-18,NA,7.521979912987053e-18,NA,-0.03088805022896587,-0.4918104426002824,0,NA,0,NA,-0.4434306694259122
node 063,0,-0.13123264956232558,-5.777486578041477,NA,NA,NA,NA,NA,12.327575962302141,NA,NA,NA,NA,NA,2.492545147925623,NA,NA,NA,NA,NA,19.204704286888646,-1.825153655655023,-11.354967460314311,-0.9827749440392454,16.188546618959506,NA,NA,NA,NA,-8.901946956877231e-4,-0.0252544568855723,44.08110603841248,8.901946956877228e-5,-0.09994318373337845,3.5607787827508894e-4,-0.04958384454980616,NA,-0.0558855861394319,NA,NA,NA,NA,NA,-1.5022889741253336,NA,NA,NA,NA,NA
node 064,-0.7362797549911105,-0.8265748497810299,-8.07619426321257,NA,-6.518393086573719,-7.25980209111358,NA,NA,-26.9738396897118,NA,-16.970140086408957,-21.89398759398136,NA,NA,-18.15888757141444,NA,-11.76162470210551,-15.771713558512594,NA,NA,-2.555058642267082,0.995557477978347,1.5205022291110508,-0.051136050449222537,-1.6615412937385612,NA,NA,NA,NA,-0.04434571540466385,0.008893564367294588,-7.794772728004238,-1.6245225191640123e-4,0.004057448032814789,-2.1939425576338585e-4,-0.03979560150125345,-1.7213738898332354,-0.07790672769093865,NA,-0.03769516907928761,-0.06663476993063898,NA,NA,0.7620548823143087,NA,0.37182685172240354,0.7220640154775659,NA,NA
node 065,0.3840595790705841,0.17528700024625826,7.400603335839105,6.74014136810071,8.716656388684795,8.142535125234126,3.564327710470731,6.322162823838437,23.533109396292897,6.6886199238470905,25.094711500684994,21.01275945719421,14.394316840254335,27.6436449273495,16.170976024549567,6.597467938506343,14.65332844664412,14.212987360559106,9.66613298804408,14.132173997330344,1.936061171236306,0.09123446709795856,-1.0012334447844413,-0.2679062920075429,1.9328828822094812,-25.319987807742706,0.005483122294114343,-0.020018842814205934,-0.340327554522293,-0.015277449126079522,-0.004410585710061176,5.09181525789882,2.367997241696554e-4,0.027697794272824757,2.4963459613373503e-4,0.09696322486574237,-0.6664225990863175,0.07865574206173387,0.04160026687744116,0.10317936582706178,0.10413977496815276,0.09650032427704346,0.02448174129943181,-0.43601007926378804,0.15286460681709974,0.0063277176070272445,-0.30064130384171084,-0.5955955622650474,-0.717385187429847
node 066,0.2807930157602435,0.6856333674694371,1.1616280405544226,3.633231413702166,NA,2.6743366105652173,3.3993896366955316,-7.2471868952872205,-16.446908384099707,4.86602316308257,NA,-7.735364817316972,-7.795390411348216,-35.66232514774364,-3.1774364403259736,7.900167640947125,NA,1.0451227150988804,-2.400313111480258,-20.88134620997199,-1.1809377866906627,1.3641857865085867,3.8018060372818985,0.1230898705823967,1.118931302884864,NA,NA,NA,NA,-0.00956514311041301,0.004484938941458479,-19.77229961684514,-3.183968418836228e-4,-0.06059191913889851,-4.0643165965270286e-4,-0.05207300222132386,6.213106715954282,0.13080992269070574,0.20460875914595192,NA,0.18701412559698588,NA,-0.11458091801980526,-1.6214653155211953,-2.3578220846802767,NA,-2.0782628534347807,NA,-0.10008249498173909
node 067,0,-2.037972444313313,14.341117392435622,13.542626676695596,NA,10.730228822880669,NA,NA,25.775840648449933,25.775840648449933,NA,20.474478000817616,NA,NA,18.9166372833641,18.6050691398734,NA,18.56055940508901,NA,NA,-9.223485280959629,-0.374870378126368,-2.7194557758564226,0.9383542287244282,1.7760274373665756,NA,NA,NA,NA,-0.03507367101009625,NA,15.006457082555782,0,-0.009128119939194136,0,-0.018338010731167087,-11.237033765127942,-0.10655818406320987,-0.21205517051040132,NA,-0.22221594966633912,NA,NA,-0.19891963952331795,0.2131410754348509,NA,0.2131410754348509,NA,NA
node 068,0.14763439025451416,-1.4895191191405432,5.877931983014024,10.600406706201301,1.6660075554495342,7.840308301431401,1.1473624539803802,1.500665684286882,-5.922460245044122,0.15038852968320526,5.544032001091743,10.230532045776693,3.6034671412099257,-11.446690199429847,0.9058401458883096,6.521807570867306,4.48278828821385,8.88709227398113,-1.2253570159663107,-6.925807892282698,-0.7027773543050243,-1.76719528091844,4.030142201773693,-0.11515085788871911,2.1858905157763595,-19.48933145634048,-0.006381608766951187,-0.049314656724107536,-0.1173601647572153,0.11934384625107974,0.01638337059500832,-13.95245745241596,-1.0441315764363139e-4,0.030264652535161866,4.9090861517061384e-5,0.09138013842177925,-1.0653703475579497,0.0860040903956837,0.03620697747918304,-8.643991348567307e-5,0.08058454369889784,0.21550632880140355,0.06642541124963502,0.18098793009722755,0.22835076154710057,-0.13043545189478975,-0.07079602971306634,-0.41349927661168107,-0.3817897384746177
node 069,0.2473919796743756,0.43095222547811357,10.092476700489692,9.56510436085014,NA,8.919575965871479,NA,NA,7.444891415250863,30.257471459764332,NA,6.778349059847889,NA,NA,15.021972884343933,23.700740973597778,NA,15.021972884343933,NA,NA,-7.096887383205481,-0.11481983476529442,2.03364458482566,0.4217335515691078,-5.079337071499829,-44.79900089517186,0.03171774364758993,-0.02288917595958528,0.017569578779550135,-0.1326079968276129,0.011876263715631868,-9.149381954898594,-1.4408339482309456e-4,-0.012544254692091234,-1.867292611797266e-4,-0.023782349385717497,0.7150862935905175,-0.09849230547836138,-0.015879910113858368,NA,-0.08912162806134848,NA,NA,0.6649094013583338,0.1454388773164097,NA,0.6087596546995594,NA,NA
node 070,-0.6685720322136337,-0.17313340614098985,2.7346012229805865,-6.865127052820538,6.332691650176661,2.588589008713085,-1.4224139035726984,NA,-8.551080468299542,-0.10806215680911423,1.5368300585123187,-7.079394552764131,-14.663641320359547,NA,0.6576102384452285,-0.29213626629878087,6.005988150916106,0.6576102384452285,-8.718111517483548,NA,-0.7448925205266592,-0.7885326977718448,0.5298254871238373,-0.2948745682363525,-6.945677053122001,-40.44517810479482,-0.002038486854746265,-0.013354500036302565,-0.047230219701275306,-0.02856547952658143,0.0011396339966371508,-7.887254531570033,-1.8017506786563732e-4,0.017166196743988983,-1.6190410917288182e-4,0.023240354346394966,0.12951725385078813,-0.040885419077764884,0.1549722751180909,-0.009315721973758012,-0.05718744106032752,-0.12531350068653535,NA,0.7350363940063611,-0.8986530347025039,0.1611631897332526,0.6251885469112092,0.7497918162961459,NA
node 071,-1.1206887238456493,0.1294395476041725,4.4755824875499854,NA,6.336494863374776,3.5550815366984887,-1.1449309932911158,NA,-2.2413774476912987,NA,-1.7803893913754447,-1.7803893913754447,-14.56895340999344,NA,6.899008891579848,NA,7.121557565501779,6.899008891579848,-7.618662971066506,NA,2.5465799659538684,-1.888808775169455,1.9174793745113539,-0.4107358325903151,-4.994348320686396,-17.501571662552735,-0.006724132343073894,-0.009749991897457148,-0.053120645510283775,-0.054123837497813514,-0.017212534860557654,5.768995744873853,8.901946956877218e-5,-0.019488190966149257,-1.7803893913754444e-4,-0.04539992948007383,-0.012775851451840363,-0.20088057156321348,NA,-0.06274002889817358,-0.11729539658184614,-0.25822514281458825,NA,0.6934351359037078,NA,0.4495086550732859,0.6934351359037078,0.5217001494994198,NA
node 072,0,-0.07016148170243366,12.090058659559798,19.21017822518192,14.270193177916306,10.252069095614473,5.114289659116675,7.483804711262124,45.51334533350793,18.323554614788907,48.608715497810486,37.80677872051926,34.28277960186312,24.936270495048095,22.094870680822947,15.294560482391883,31.472915792016682,22.094870680822947,27.02715417643145,14.53182659883837,-0.11081805139248473,4.07167116012817,1.322746258091934,0.14774103528576962,5.498480417916974,-28.25019255674907,0.011053241009566209,0.017318714523010172,0.04379920635341479,0.11567892294226408,0.03781665050773411,-18.122605730111975,0,0.07672556540681576,9.819942524810203e-5,0.0619638373315524,-0.14694308636246844,0.1965667451321982,-2.4005585866736758e-17,0.03741579216280487,0.10453284032437027,0.347858666589745,0.0955852765601141,-0.12435154672386044,0,-0.14273570070137498,-0.20496605838506085,-0.5527175492530277,0.35241360839129116
node 073,0,-0.30628422822701595,-0.9329733626015025,6.163787981151071,4.652780615951018,-0.8317089041810385,-0.07002295233842999,NA,-1.1206887238456493,7.844821066919545,18.69408860944217,-0.8901946956877224,-6.7241323430738955,NA,-2.670584087063167,6.0978336654608976,11.57253104394039,-2.670584087063167,-5.713997228299879,NA,5.522678872577061,1.8817484362092318,-1.0863936066172961,-0.5283305518906631,1.0167803814145124,-55.90331561159252,0.03664652126975273,-0.012663782579455834,0.11487059419417905,0.15703034431931423,0.030615738235582068,-24.08047867410944,3.560778782750889e-4,0.06550170840027011,1.7803893913754455e-4,0.08866339169049717,-0.09570681701641848,0.15862536034957708,6.007857237393498e-17,0.055711815146351484,0.09614600481947415,0.26570781302794283,NA,-0.9573984821771686,0,-0.7554904200690684,-0.7437337090992737,-0.2883193422832315,NA
node 074,-0.11445325056366579,0.9067057708119535,0.24603995353057836,-1.9758020294145744,6.671675079442903,2.2588570233177965,NA,-1.2980664103740134,26.049110562465316,-21.159941161373595,-12.912040828270332,-15.910014595030415,NA,45.86226036428745,11.766660736511602,-11.811173495219423,-3.1746633868680125,-6.320808245271803,NA,20.263817026406702,5.840750697033014,-2.2287283205650077,-3.377082257325266,-0.5940828149096017,-0.6984621477580647,-31.121535596878893,-0.026419974069317932,-0.026664194648547183,-0.21063728479208288,-0.07094674380293055,-0.003118754624841681,2.7047715177957175,1.2079326200797508e-4,-0.026402535967504207,-2.1896191661471323e-5,-0.015927405177190854,-0.9492286670411698,0.044053675283480496,-0.00777358340796638,-0.06011178221601624,-0.011048068063480333,NA,0.029581178669749342,-0.009963872359790757,0.4509225339703918,0.35925624403743256,0.6419373175947952,NA,-0.04824621880620654
node 075,0.5910824069286744,3.0741802846183437,-7.295789256961321,NA,NA,NA,NA,-6.879057158187388,57.92607587901009,NA,NA,NA,NA,24.936270495048095,17.92139510777861,NA,NA,NA,NA,6.87897117104775,12.1357949528228,0.003973430299848722,1.5257558057383909,-0.7304607512256329,1.6101951768630007,-30.375410746955456,0.022899506201748878,-0.01798500030456989,0.021540174783380227,0.02992352459405771,0.025303673738940522,-21.545281656280107,-6.019099774666782e-4,0.019336814661611558,-1.7197427927619373e-4,0.06586614896278219,-0.5805390795986749,0.09970660291105757,NA,NA,NA,NA,0.02474574999696339,-1.219779546566754,NA,NA,NA,NA,-0.29164760415534335
node 076,-1.1206887238456493,NA,4.098470731975924,NA,NA,NA,NA,NA,44.827548953825975,NA,NA,NA,NA,NA,18.24899126159831,NA,NA,NA,NA,NA,NA,NA,NA,NA,NA,NA,NA,NA,NA,NA,NA,NA,NA,NA,NA,NA,NA,0.08755001726284965,NA,NA,NA,NA,NA,-0.5487550014195314,NA,NA,NA,NA,NA
node 077,0.41501388103945586,0.43047864225634697,15.45895102824386,12.767702935105454,NA,9.843878256958876,NA,12.725199808266094,11.211750131783111,20.794846580476133,NA,10.2786471066843,NA,13.19534778588238,25.116075631195905,22.01096727605003,NA,16.821733384314967,NA,24.933695340690452,-1.5930167509468698,-2.181187070922199,0.9827822376115359,0.03262279423035162,4.5277294243760515,-1.6292486012124614,0.004777153010667846,0.019008780897437214,0.03413713719387051,0.0040331213940273,-0.011179235288810981,10.411117762331415,-2.5526720931022073e-4,0.06867413726107503,-2.728848042327392e-4,0.07228062887710969,-0.4449896516727299,-0.06911965746943813,-0.026147734742682397,NA,-0.04335129106011304,NA,-0.02589435381389853,0.307248032162822,-0.1439093568609679,NA,0.08038873862687623,NA,0.21160336781312314
node 078,0,-2.351765286990095,-5.388047246505111,NA,NA,NA,NA,NA,-3.3620661715369478,NA,NA,NA,NA,NA,-6.498421278520371,NA,NA,NA,NA,NA,0.23750394480948425,-1.5420676840116148,4.102284216137731,0.14661506637976812,1.7147820423032638,-21.723990567385993,-0.003922410533459776,-0.03698272788690643,-0.07587062660435044,0.011839589452646713,0.012697771618444176,-16.614148702967807,0,-0.006699568351503597,8.901946956877222e-5,-7.121557565501488e-4,1.6710589561262474,-0.06355465945925734,NA,NA,NA,NA,NA,-0.029040586223142054,NA,NA,NA,NA,NA
node 079,-0.34425033275384825,-1.4120912252288857,4.600729913373465,5.9720031515699,-2.493669360024587,3.589865389923769,3.1570707461209406,1.9929903142265522,-2.8480720823125583,-7.722522723027135,-17.04294512359954,-11.280894001121498,11.3204766907361,-4.274395462269764,1.2800220536431273,1.9005785931324288,-5.746356535195155,1.5715831687515278,11.280131213614483,0.7747341775363948,-2.3597848607979905,-2.2910783938003036,-1.4080922243804712,-0.3233053042436611,-2.3991000927743023,-2.4692677861811885,-0.005784339124398561,-0.018233658386777218,-0.04795104105301079,0.060494296637459165,-0.0015984079185983474,10.722751210192342,-8.462133129097812e-5,-0.03282630076662699,6.206408990855436e-5,-0.05315704574697006,0.6264188345872594,-0.1101326814170617,-0.03730473493041697,0.04088478554544501,-0.045586594049112236,-0.0290774956848445,0.059883881701595074,-0.34743874304415867,-0.02781104776905784,0.11807433529735384,0.119747006327653,-0.48769257734426424,-0.37350885266289874
node 080,1.1206887238456493,-0.031715490884831866,-5.560185034487803,-1.8491363943453216,NA,-2.8030450577814996,NA,-5.347221498057011,-34.741350439215125,-3.3620661715369478,NA,-13.352920435315836,NA,-34.717593131821175,-12.017628391784251,-1.24627257396281,NA,-10.415277939546352,NA,-17.581345239832515,5.6805103921224935,0.4223875800174282,2.6233147487221493,-0.39524644488534866,2.424000156357667,-1.2227834665879849,0.05502581634082138,-0.0054913747468436835,0.2826376961538728,0.13931546987512855,0.04613523688034718,-35.18761593114429,-2.670584087063167e-4,0.09908106192111904,-3.560778782750889e-4,0.07869321109879467,1.5977659135867421,0.028112907827371015,-0.02162609004462624,NA,-0.04773680177294551,NA,0.18621263247985556,-0.06623317358422512,-0.7765540514807224,NA,-0.5388969036152574,NA,-0.3044644701869372
node 081,0.36183062733867805,4.65674056757631,-6.8441613263859615,-3.1209208037796716,NA,-5.775969428756171,NA,NA,-43.92985064972812,-30.101468466193467,NA,-36.44675953103444,NA,NA,-20.090050892577167,-13.419906887354786,NA,-19.86388045468263,NA,NA,-11.928599915985254,-3.1052383435622843,0.4629750508402708,1.341728581526126,3.088409672740877,NA,NA,NA,NA,0.013986347757747807,0.0033659955920955806,-5.602202965846321,-5.27970456353989e-4,-0.06413948799229607,-4.453910579534077e-4,-0.0986697547878329,3.460994607360019,-0.019545448183793696,0.023264958625733117,NA,-0.003471625155816775,NA,NA,0.9093207157891381,0.5527137931225563,NA,0.8515429717474348,NA,NA
node 082,0.4687311753960288,0.0570288998225872,-2.699523305719283,-0.09143807999471854,1.9851003604128787,-2.0628941921956723,NA,NA,7.484343086322247,25.70328803679272,-11.124009982488385,8.912354012267063,NA,NA,-4.315593457053834,-3.779848802930435,4.3748256041122335,-4.366466686589676,NA,NA,-7.493533190701683,-4.878014698974877,2.883288728553471,0.20619278189067441,-0.9555471390164603,-12.034992768740274,-0.02238885215362127,-0.061538719873188714,-0.18966524246731228,0.01204889976956298,0.0019967018341919395,-5.4610847648405585,-2.663617799873448e-4,0.07171049999529581,-1.6380611049402667e-4,0.04863564618755013,0.9771718717130795,-0.010822511479475801,0.037986774787304854,-0.016423335116048023,0.0038449075023473944,NA,NA,0.45696004048150984,0.1990920796927478,0.12039169362009498,0.4029811808856054,NA,NA
node 083,-0.24129429807148137,-0.9656796800103374,-6.15873137563414,0.6027356882509235,-7.9849212542530985,-4.061130661600638,-2.6357712711769787,-6.519977948644555,-21.082490708899666,-24.39040499558611,-30.51837391669517,-22.417369516453068,-33.170950793997115,-24.086849579063692,-22.274046502198058,-15.448806971399474,-24.414699133356137,-25.219540706009695,-32.08736354589259,-11.378959973557675,13.34238086284875,9.128998867310301,1.0684271729325745,-0.9691694684617121,0.9302432091373394,67.22027159571226,-0.02058934131960732,0.07842955247284258,0.1254366025009922,0.030792459634220268,-0.008678376278862705,8.235751381792895,2.925117808371998e-4,0.028113397891462662,1.8804328768105697e-4,-0.03797843265662144,-0.45567510920412285,0.03470416528765817,-0.036786313144936675,-0.017924532059182596,-0.010020003930180179,NA,-0.026112135206598157,-0.5534065196715185,-0.5371242684149798,0.1890242920181034,-0.3439288113913541,NA,-0.2069041640857388
node 084,-1.1206887238456493,0.07620683322150415,-3.705557265395639,NA,-2.1044202606057754,-1.9329687622163205,NA,NA,-30.25859554383253,NA,-34.717593131821175,-30.26661965338256,NA,NA,-4.450973478438612,NA,-8.901946956877223,-5.341168174126334,NA,NA,-19.117821284589528,13.587566294521805,-0.994703552961461,0.612810028511428,-3.006187487337434,-91.46882053832375,-0.02824135584091036,-0.016922399730069308,-0.4051289736702022,-0.09480573509074244,-0.027652924857945096,22.38866365495492,7.121557565501779e-4,-0.11278384184803524,4.450973478438613e-4,-0.2089286950779084,-0.1698964105350004,-0.20645664093444852,NA,-0.07041147252651443,-0.13241893355022696,NA,NA,0.16689930008796242,NA,0.615896407584443,0.4512615186156878,NA,NA
node 085,0.5910824069286744,1.0129379207536693,-9.631037630255129,NA,NA,-8.240147591518822,NA,NA,-17.141389800931567,NA,NA,-17.197427927619376,NA,NA,2.9459827574430633,NA,NA,-2.579614189142906,NA,NA,18.393243346095744,-1.1725892788651056,1.6781299780648147,-1.2374600572639574,4.52100333899737,-7.702285508342573,0.017253052617755994,0.026872936501595716,0.10257724010920392,-0.010261839938426645,7.121779756635631e-5,-2.957521189909711,-6.87395976736714e-4,-0.04113890383236974,-4.4189741361645886e-4,-0.05837955830999663,0.870900818368709,-0.06936077186047034,NA,NA,-0.06785073988416443,NA,NA,0.6973139827726761,NA,NA,0.7863124513454749,NA,NA
node 086,-1.1206887238456493,-0.9630078204005664,-3.218730083757089,NA,NA,NA,NA,NA,-12.327575962302141,NA,NA,NA,NA,NA,-10.682336348252669,NA,NA,NA,NA,NA,-5.601283064206284,1.6657917191241767,-2.783816852354645,0.895802922270555,-1.02657252306708,NA,NA,NA,NA,-0.017892913383323224,-0.036823537693488104,19.811906088817242,8.901946956877223e-4,-0.06984764989102807,4.450973478438613e-4,-0.07361910133337464,-0.2452066927774281,-0.11244155722656475,NA,NA,NA,NA,-0.014776745887556762,0.19670230777934788,NA,NA,NA,NA,-0.22073968915072914
node 087,-1.0678786917728904,-1.3218384318087877,-7.916287453951988,-5.693060799742864,-5.16602352899668,-6.662807629678041,-6.143632139723723,-7.828401088957271,-23.129315774398037,-20.021716129351685,-8.295027587719307,-18.648449795209885,-16.272102114991828,-27.920910054393048,-20.733792677399123,-15.074485063604573,-10.682393881462387,-17.887329062765613,-16.69405869088337,-20.990243624543474,-1.7328181114803505,0.3291838072546368,3.8988056544900607,-0.5887263110592775,-9.748297169247458,NA,NA,NA,NA,-0.09317071781472,-0.011194183626882367,5.1160448114152945,-2.8566163491948595e-4,-0.05980607714375061,-3.226394156833561e-4,-0.0445279803520388,-2.8488698475435177,-0.07064810384629107,-0.020873246682868607,-0.015914246938338206,-0.02863663890799012,-0.014877077340015202,-0.04010500951571666,0.8668183738749284,0.9955608424952822,0.45551139096607884,0.8615170742658699,0.08748580317925388,0.28697511439773415
node 088,0,0.03895233061659962,NA,NA,NA,NA,NA,NA,NA,NA,NA,NA,NA,NA,NA,NA,NA,NA,NA,NA,5.266287876917835,-0.757176563275627,2.638176659002884,-0.7132224255769645,-6.576219110014897,NA,NA,NA,NA,0.04374784394802944,-0.00819004672013074,5.509429653832141,4.9099712624051015e-5,0.02711572612806507,9.819942524810195e-5,0.10222560168327419,-0.07299867725569112,-0.03436119441058816,-0.015534243910750898,-0.0038253958946840314,-0.026079361026961827,NA,NA,-0.2753579583527454,-0.2122145463267888,-0.22619084071943488,-0.292494099261414,NA,NA
node 089,0,0.10456025793479908,0.7806717650308794,NA,0.8696311982173358,0.8709664902608675,NA,0.02697289927933798,2.2413774476912987,NA,1.7803893913754447,1.7803893913754447,NA,0.8901946956877224,2.670584087063167,NA,2.091957534866147,2.9376424957694836,NA,0.4896070826282473,-4.206971112350606,0.23713773396574014,0.8774649115393875,0.6279433383381193,4.04201803523967,NA,NA,NA,NA,0.0413940533494791,-0.0136853760776565,9.024526766473425,-8.901946956877228e-5,-0.021761443592247222,0,0.053233642802125815,0.7859390020329539,0.004257610739422131,NA,0.012257165091889718,0.0075473894803192165,NA,-0.006577961724518411,0.20019276940275668,NA,0.27807930987799806,0.23736106117017683,NA,-0.05784740550583865
node 090,0.1083427877880915,0.39585851565657065,2.389470612208965,7.486600108078142,3.8617550590232717,5.2681175494408,8.031999261987618,2.059494556547184,5.252810176089812,14.3629063425796,15.334810259380584,11.896576209074535,22.04376346664066,6.132304695593116,1.905792387883615,12.102300270476702,12.326466610549378,8.378091365325814,26.388268442654496,3.6863505684306386,-13.04075684430057,1.751370926955986,4.403381464573322,0.9866492376097893,-2.551278654374771,-6.40910902030786,0.02998563929362882,0.02773626768082944,-0.19229850450712124,-0.01691694708424416,-0.003983730468884941,1.4128157303502134,-8.846085184683892e-5,-0.05474892092035871,-1.0400131318289437e-4,-0.06982410550978735,0.017869054824803405,0.01001789766732648,-0.008171374401310823,-0.029063144194535893,0.008113756942753049,-0.026603184921388537,0.017896461367447818,0.14221064477676393,0.37278033965610596,-0.3408003955462595,0.09989082725353284,0.15397594344363055,-0.03414301115344976
node 091,-0.42727773414215237,-1.4633113541070475,-3.4392237923934426,-4.52700065104951,NA,-3.9040633500274526,NA,-3.684014462910105,-8.806899830982772,-9.4201610011956,NA,-8.720252000049799,NA,-6.725210854935911,-7.7974362547508225,-7.557114610053419,NA,-7.557114610053419,NA,-9.051012942267924,2.886115664162981,0.6391953181463724,-1.9649443363572658,-0.23605082085052545,1.8156634668574958,72.15023846080295,0.030288294108370764,0.12044879750073026,0.5272005396680636,0.030314062314899394,-0.020956516338306693,12.806009757508255,2.210515678250397e-4,0.04953673003412361,2.140942453126747e-4,-0.01281319484805485,2.356364262037453,0.007158796566626401,0.019314667136111185,NA,0.030443000311886317,NA,-0.07996814303821054,0.705731439936048,0.5517497206594775,NA,0.5242322030470449,NA,0.5204257201680965
node 092,0.5910824069286744,0.7849574364012797,5.224222745398395,5.211750906612202,NA,4.329268961200449,NA,5.95770495696518,17.732472207860233,19.505719428646255,NA,16.202905165936826,NA,2.579614189142906,12.937774276437437,14.067067666790608,NA,14.067067666790608,NA,9.32960465073351,-5.3028671628227535,-1.5898343499160568,1.8790460021224318,0.5272327141570597,0.20233991572371182,NA,NA,NA,NA,-0.030098123838543243,-0.019228805342915645,9.779877159308969,NA,NA,-3.4369798836835706e-4,-0.0652535180773638,NA,-0.01874894394325617,0.0029837221977635146,NA,0.0031832388914979333,NA,-0.0038671845593207764,0.5561241681894951,0.5803400465571256,NA,0.5803400465571256,NA,0
node 093,1.1206887238456493,-0.928602676578505,1.0009991681389332,0.8892665023715226,NA,0.7063694910282076,NA,NA,-8.965509790765195,-5.603443619228247,NA,-4.450973478438612,NA,NA,-1.023723900040881,-1.023723900040881,NA,-1.023723900040881,NA,NA,2.5578854385891017,-0.17561192302661405,-0.19922557289491227,-0.7764278135788313,-2.153291949399032,NA,NA,NA,NA,0.13913743093599099,0.03386072431585113,-15.447726593208184,-3.5607787827508894e-4,0.14656557759937366,-2.670584087063167e-4,-0.018248991261598325,NA,0.08828611064670043,0.037298670978033535,NA,0.0448292629834546,NA,NA,-0.7652531573870878,-0.5839585531438015,NA,-0.5839585531438015,NA,NA
node 094,0,-1.55842973937976,-8.339941345114553,-6.475899790742084,NA,-4.800819993843886,NA,-7.271021254907747,-22.413774476912987,-23.534463200758633,NA,-18.69408860944217,NA,-16.913699218066725,-11.57253104394039,-11.216453165665303,NA,-11.216453165665303,NA,-13.798017783159697,-6.590289371115346,-0.30269802431070914,3.2026534566757183,1.0445544559199733,-2.436551901566863,-6.379744698236122,-0.018267226198684084,-0.0281292869685258,-0.09660336799549497,-0.08661594389041538,-0.018341225671086026,5.328349370508432,0,-0.0487724617408325,-8.901946956877228e-5,-0.08617084654257152,-1.9559380297278115,-0.08081104608561698,-0.03320678216997909,NA,-0.03273482226458512,NA,-0.10209930334547497,0.15233288415436333,0.1481931451391237,NA,0.10740623409655711,NA,0.11302925981354409
node 095,0.38420090872700635,-0.9249235820814996,6.004450258256854,NA,8.111685076053433,7.5434795396893115,NA,NA,3.4791210617162194,NA,21.27382936747751,10.264237190212597,NA,NA,7.836991006534347,NA,20.881366819648328,13.451907845683529,NA,NA,13.330718242374695,-0.5739377088379704,-0.801418447996638,-0.9718335063708976,0.9471257027535255,28.47973490906088,0.02150178225979174,0.033516246119531544,-0.333873928800826,0.06446944807483919,0.004758941859811007,-5.793772978592313,1.774236871559382e-4,0.09867727036173227,-2.930703428441356e-5,0.11438551383344228,5.132916857546566,-0.0412220025603459,NA,-0.006609829685885094,-0.032017072977946856,NA,NA,-0.5447702577559331,NA,-0.6552887753071992,-0.5523941015815397,NA,NA
node 096,-0.36945297576258734,1.5668319805923483,-6.738279019239506,-2.066577156694952,-0.4938988700058804,-1.8250162822282914,NA,-7.187911074255167,-33.93410544935244,-21.060974560166766,0.4628855388996067,-18.83458904105689,NA,-34.80078955379688,-23.78974607550811,-14.264431406094559,0.4628855388996067,-14.292129331154936,NA,-25.48068301859863,9.51041394125174,-0.3487477726211761,0.22643908043708275,-0.862444096630634,0.18045535480712835,15.788773999114122,-0.017088578972146502,0.03713460101161036,1.5449270640626902,0.01461110801029557,0.023987253707962473,-13.803185779089494,-1.521827751300123e-4,-0.028220806643460602,-2.4334567366510198e-4,0.02212112886445131,-2.8908939097427213,-0.0066040664003040655,0.03618831497787105,NA,0.0223373583384441,NA,-0.029393236129263808,0.4039762602553761,-0.8118299838118983,NA,-0.04836945692639587,NA,0.3664091959405188
node 097,1.1206887238456493,3.3578075543863344,2.783454583415439,2.8357907468190313,0.9498377402987997,2.154271163564288,NA,3.488405953991478,2.2413774476912987,2.2413774476912987,-0.8901946956877224,1.7803893913754447,NA,0.8901946956877224,2.804113291416326,2.8931327609850976,-0.8901946956877224,2.8486230262007117,NA,1.4688212478847418,-2.7516808238403194,-2.281273966260206,-2.3279481486929625,-0.045221890540936456,4.315040748407094,31.807163222442462,NA,0.06477580823827854,2.69312707227348,0.014688212478847407,0.011992339861863944,-4.410558639254388,2.670584087063167e-4,0.0497922710681371,0,0.06587440748089146,-0.30830146792993807,0.07708099402279354,0.09830175562242148,0.015939286781012068,0.07395281825775561,NA,-0.015789543986802403,-0.51379745933574406,-1.8330016090109804,0.050047205010163805,-0.8664278494267996,NA,0.037062576076745186
node 098,0.38203586913970233,0.318303722000764,-6.513827956811849,-1.6611673943022363,NA,-1.3730403628056291,NA,-6.612678906999286,-15.380343421709716,-2.008181085955315,NA,-1.6852290430262398,NA,-19.13044923009955,-10.91732884988741,-0.8426145215131199,NA,-0.8426145215131199,NA,-15.352185507154886,1.0733712657921552,0.3092213298021207,-2.61729758538037,-0.6218936161141644,-3.022891112629804,-77.06423048656059,0.01354385149876979,-0.03493142779030938,-0.04593553355057113,0.009033439942989541,-0.003896893837868532,-3.034213193331528,3.758898208302919e-5,0.04517193279949849,4.439802746371481e-6,0.07289685767398738,-2.4574969117689927,-0.04223065337421237,-0.0059189718603109565,NA,-0.007767477415522841,NA,-0.02969507482526786,0.3769334062728555,0.02051715696434363,NA,0.02051715696434363,NA,0.1690386251125478
node 099,0.5910824069286744,0.09126312362978739,-7.654576277967027,NA,NA,NA,NA,NA,-20.09680183557493,NA,NA,NA,NA,NA,-13.158722983245665,NA,NA,NA,NA,NA,-5.241688920893186,2.134516787900827,1.533924122087977,0.17499137579211765,-0.3026997283272754,7.89999369332379,0.02021501831696067,-0.013535787118666646,0.10095687510341758,0.02572824941500272,0.03389967164158463,-19.564664289880348,-2.4549856312025504e-4,-0.028092782138024026,-2.9459827574430605e-4,0.047135724119088916,8.148543845437318,-0.020786014584383804,NA,NA,NA,NA,NA,0.3712004567133436,NA,NA,NA,NA,NA
node 100,-1.1206887238456493,0.5442064442994473,5.994451914977994,NA,NA,NA,NA,4.761562407764059,8.965509790765195,NA,NA,NA,NA,7.121557565501779,4.629012417576155,NA,NA,NA,NA,4.629012417576155,-17.78395355257104,1.810360564500259,1.2360353349624025,1.9317224896423575,-3.8364720800053767,21.911145584268215,-0.0011206887238456426,0.005267237002074547,0.022862049966451248,-0.13388528223143345,-0.020880779994774865,17.21049012960901,2.670584087063167e-4,-0.013622077880668796,-5.341168174126334e-4,-0.10379670151718844,1.3706023092632291,-0.26827493372375616,NA,NA,NA,NA,-0.15199865224955758,0.03548456285491252,NA,NA,NA,NA,0.010787994331234188
