kartez,F_A_BM_acor,F_A_BM_cv,F_B_BM_acor,F_B_BM_cv,F_C_BM_acor,F_C_BM_cv,F_F_BM_acor,F_F_BM_cv,F_G_BM_acor,F_G_BM_cv,F_P_BM_acor,F_P_BM_cv
ACNE,-0.07148170480346938,2.851631151953128,NA,NA,NA,NA,NA,NA,NA,NA,-0.07148170480346938,2.851631151953128
AGHE5,0.28518714823918523,2.7778547003092955,NA,NA,NA,NA,NA,NA,NA,NA,0.28518714823918523,2.7778547003092955
ALIN,-0.10677806255812261,3.3093332339125654,-0.07619047619047618,3.872983346207417,NA,NA,-0.10677806255812261,3.3093332339125654,-0.11697392468067142,3.1214498631476153,NA,NA
ALMA4,-0.04134449315796463,2.5905251356610073,-0.04134449315796463,2.5905251356610073,NA,NA,-0.04134449315796463,2.5905251356610073,NA,NA,NA,NA
AMPA,-0.07837628342464582,3.530013594291613,-0.0761904761904762,3.872983346207417,NA,NA,-0.0761904761904762,3.872983346207417,NA,NA,-0.07878612228105263,3.4657067658073997
APRAH,-0.08805617873131617,3.453363643453102,-0.07619047619047627,3.872983346207417,-0.07619047619047618,3.872983346207417,-0.08805617873131617,3.453363643453102,-0.09201141291159616,3.3134904092016635,NA,NA
ARAD,-0.05127441171818306,3.599234412716427,-0.04296905689408536,3.50798476821943,-0.07619047619047617,3.872983346207417,-0.0490093149479746,3.574348146035428,NA,NA,-0.07619047619047617,3.872983346207417
ARFEF,-0.03759617893880045,3.2424079394182885,NA,NA,NA,NA,NA,NA,NA,NA,-0.03759617893880045,3.2424079394182885
ARIST,0.12876600816005532,2.6788222499120407,0.1645719809902626,2.6613975598952417,0.15209057634395645,2.156823251088738,0.1691227041836189,2.5387127725089953,0.2611755964428133,2.5802182502935525,0.06318637712176446,2.906500150691989
ARLUL2,-0.1336606014470453,1.7473321626279805,NA,NA,NA,NA,NA,NA,NA,NA,-0.1336606014470453,1.7473321626279805
ARPA9,-0.00476190476190475,3.872983346207417,NA,NA,-0.00476190476190475,3.872983346207417,-0.00476190476190475,3.872983346207417,NA,NA,NA,NA
ASTRA,-0.056416805865905126,3.0885320569118306,-0.0788805502505845,3.4903721733602686,-0.04475287049815801,3.383517031251193,-0.026885275836206275,3.348594521921944,0.0355390012546428,3.188546476843033,-0.08594833589560398,2.8284695919017167
BAABA,0.09191000764307486,2.7465320243996385,NA,NA,0.09996600034348982,2.652661080915657,0.09996600034348982,2.652661080915657,NA,NA,-0.00476190476190475,3.872983346207417
BADI,0.0745189824805673,2.322616144700639,NA,NA,NA,NA,NA,NA,NA,NA,0.0745189824805673,2.322616144700639
BAMU,-0.07619047619047618,3.872983346207417,NA,NA,-0.07619047619047618,3.872983346207417,-0.07619047619047618,3.872983346207417,NA,NA,NA,NA
BAPT,0.1506080087162416,1.225694642459565,NA,NA,NA,NA,NA,NA,NA,NA,0.1506080087162416,1.225694642459565
BAWR,-0.00476190476190477,3.8729833462074175,-0.00476190476190477,3.8729833462074175,NA,NA,-0.00476190476190477,3.8729833462074175,NA,NA,NA,NA
BELY,-0.00476190476190476,3.872983346207417,-0.00476190476190476,3.872983346207417,NA,NA,-0.00476190476190476,3.872983346207417,NA,NA,NA,NA
BOBA2,-0.09300579299620894,3.0012481004288754,-0.02300797848846271,3.313191658033473,-0.13238070204680613,2.7402669497549854,-0.0995083949023226,2.961471664836974,-0.08372439100370659,3.4264340842638106,-0.06121529478854212,3.195710674433729
BOCU,-0.02396612060783559,2.2194676606477435,NA,NA,NA,NA,NA,NA,NA,NA,-0.02396612060783559,2.2194676606477435
BOER4,0.26682176772370886,1.2022789253345043,0.25798897327381265,1.2007083477708562,0.15050657204479032,2.6673735165781034,0.258334194554052,1.3013520499597038,0.3272969937947305,0.5327093643004787,0.2759380500170441,1.0958670507370678
BOGR2,0.10695089421208095,1.5786312408869214,0.2195318092492722,0.8254134581696994,NA,NA,0.2195318092492722,0.8254134581696994,NA,NA,0.06812988902684258,1.8383615107894118
BOHI2,0.07636399730864452,3.2097644349502525,NA,NA,NA,NA,NA,NA,NA,NA,0.07636399730864452,3.2097644349502525
BOSP,-0.00476190476190476,3.872983346207417,NA,NA,NA,NA,NA,NA,NA,NA,-0.00476190476190476,3.872983346207417
BRCA3,-0.029443363702678395,3.3440172072644474,NA,NA,NA,NA,NA,NA,NA,NA,-0.029443363702678395,3.3440172072644474
BREUC2,-0.10083747531346261,3.3113944716271533,-0.10083747531346261,3.3113944716271533,NA,NA,-0.10083747531346261,3.3113944716271533,NA,NA,NA,NA
CHAL11,-0.17065095561739477,1.8884206390672311,-0.17065095561739477,1.8884206390672311,NA,NA,-0.17065095561739477,1.8884206390672311,NA,NA,NA,NA
CHCHC3,0.18276558546734986,2.597789679968922,NA,NA,NA,NA,NA,NA,NA,NA,0.18276558546734986,2.597789679968922
CHCO,-0.08601333726247773,3.6631292530148825,-0.07619047619047618,3.872983346207417,NA,NA,-0.07619047619047618,3.872983346207417,NA,NA,-0.09583619833447928,3.4532751598223475
CHCO2,-0.05828595151774076,2.86665778685105,-0.056904322578845035,2.8992763235437757,NA,NA,-0.056904322578845035,2.8992763235437757,NA,NA,-0.05939125466885735,2.8405629574968696
CHER2,0.090135582147499907,2.377870285859539,-0.07619047619047614,3.872983346207417,0.10697948654262605,2.321610314464361,0.10124092874366859,2.617890557956114,0.1450819095911636,2.98960694451702,0.04571419576282516,1.4177891974732397
CHFE3,0.08094373926874646,2.6970339271461823,NA,NA,NA,NA,NA,NA,NA,NA,0.08094373926874646,2.6970339271461823
CHGR2,-0.13896953610866333,2.1853873838828646,NA,NA,NA,NA,NA,NA,NA,NA,-0.13896953610866333,2.1853873838828646
CHIN2,-0.07619047619047618,3.872983346207417,-0.07619047619047618,3.872983346207417,NA,NA,-0.07619047619047618,3.872983346207417,NA,NA,NA,NA
CHLA10,-0.07619047619047623,3.872983346207417,-0.07619047619047625,3.872983346207417,NA,NA,-0.07619047619047625,3.872983346207417,NA,NA,-0.07619047619047621,3.872983346207417
CHRE4,-0.12321205340704021,2.966047973351045,-0.04884598040549293,3.218770315751267,-0.09952897559789708,3.461413255678879,-0.05416498203167274,3.053153696135011,-0.05106950953823222,2.9578790205147336,-0.149104705172803,2.933383327307058
CHSE7,-0.13342702784969804,2.960646703365512,-0.14939508843679888,2.972208080610237,-0.1459197909846476,2.8328914711715374,-0.13766472195979373,2.891528551395942,-0.10965182560320952,2.9186968164560225,-0.10411631025486957,3.4387139211550406
CHSES,-0.09573680249962974,2.9093151762124947,-0.13581495131368299,2.7658868495500424,-0.15139896223729288,2.8160485713497976,-0.13139269509842047,2.9140945042493938,-0.07186563924941868,3.4588928436604083,-0.056277614690301334,2.904026053184993
CHST8,-0.10361191332521523,3.450252267846308,NA,NA,-0.10361191332521523,3.450252267846308,-0.10361191332521523,3.450252267846308,NA,NA,NA,NA
CINE,0.16639612283183908,1.9970395396451939,0.4300185640401966,1.5341512333518947,NA,NA,0.4300185640401966,1.5341512333518947,NA,NA,-0.09722631837651848,2.459927845938493
COAR4,-0.07619047619047624,3.872983346207417,NA,NA,NA,NA,NA,NA,NA,NA,-0.07619047619047624,3.872983346207417
COEQ,-0.019387105848717882,3.7379380738839605,0.013071962918001162,3.6607693468419855,NA,NA,0.013071962918001162,3.6607693468419855,NA,NA,-0.07619047619047621,3.872983346207417
CRCR3,-0.07785882128657415,3.4801332021333997,-0.049816849816849786,3.6261853398776815,-0.0986038059489907,3.2074458991414767,-0.07802158666180323,3.4418063588091057,-0.07619047619047617,3.8729833462074175,-0.07619047619047616,3.8729833462074175
CYIMI,0.09687778541188713,3.0212348946301826,0.3049619847939175,2.98138179247229,NA,NA,0.3049619847939175,2.98138179247229,NA,NA,0.08970246819181711,3.022609139532179
CYLE8,-0.07619047619047607,3.872983346207416,NA,NA,-0.07619047619047607,3.872983346207416,-0.07619047619047607,3.872983346207416,NA,NA,NA,NA
DABR,-0.12190141061298373,3.0795723709170386,NA,NA,NA,NA,NA,NA,NA,NA,-0.12190141061298373,3.0795723709170386
DAFO,0.10445051628634015,0.34978653055764775,NA,NA,NA,NA,NA,NA,NA,NA,0.10445051628634015,0.34978653055764775
DALEA,-0.07619047619047618,3.872983346207417,NA,NA,NA,NA,NA,NA,NA,NA,-0.07619047619047618,3.872983346207417
DAPU7,-0.004859217670633903,2.2834274771342162,0.03209853857664958,2.6788183436285107,-0.017208643573598706,2.0288757264687756,-0.004859217670633903,2.2834274771342162,-0.029338231641222696,2.6686803405939745,NA,NA
DEPI,-0.07473808731212454,3.7097002092056863,-0.00476190476190476,3.872983346207417,-0.0842989697168855,3.750255691123712,-0.06441470347814032,3.780937604894638,NA,NA,-0.0983343932183742,3.546871876202367
DRCUC,-0.04603801995106345,3.7636427161475696,NA,NA,NA,NA,NA,NA,NA,NA,-0.04603801995106345,3.7636427161475696
DRGL5,-0.08188585071566153,2.305743897692155,NA,NA,NA,NA,NA,NA,NA,NA,-0.08188585071566153,2.305743897692155
ECCOC,0.09043142482901205,2.975039016535422,NA,NA,NA,NA,NA,NA,NA,NA,0.09043142482901205,2.975039016535422
ECFEF3,0.11273740770893319,2.9385296154191165,0.30166529160834255,2.004075884630817,NA,NA,0.30166529160834255,2.004075884630817,NA,NA,-0.07619047619047614,3.8729833462074166
ECIN2,0.03308840691258426,3.4696884984689875,0.08772784846411445,3.2680410745997723,NA,NA,0.08772784846411445,3.2680410745997723,NA,NA,-0.07619047619047614,3.872983346207417
ELEL5,-0.03184141530644069,2.9596839620874613,-0.07619047619047613,3.8729833462074175,-0.06659501921536262,2.8686634939391635,-0.06979350487373379,3.2034367780285815,NA,NA,-0.023708824684877883,2.907451215814364
ENDE,-0.10318971864298442,3.278640605587042,-0.13220685395929316,2.976771692843843,-0.07304418335450463,3.6230094588021946,-0.1043635987496152,3.2527996168644173,-0.07564281006202483,3.4330161655350286,-0.07619047619047618,3.872983346207417
EPTO,0.30598165495706475,2.1844340249439407,-0.00476190476190475,3.872983346207417,NA,NA,0.30598165495706475,2.1844340249439407,0.6167252146760343,0.4958847036804647,NA,NA
ERAB2,-0.026641388262622114,3.693162211749452,-0.07619047619047617,3.872983346207417,0.02290769966523194,3.513341077291487,-0.026641388262622114,3.693162211749452,NA,NA,NA,NA
ERCI,-0.09467076988816121,3.3656189187655645,-0.09368551542464588,3.2911344531388282,NA,NA,-0.09368551542464588,3.2911344531388282,NA,NA,-0.09696969696969697,3.5394160052279497
ERCI6,-0.026534927413723347,3.3896678364978077,NA,NA,NA,NA,NA,NA,NA,NA,-0.026534927413723347,3.3896678364978077
ERDI4,-0.07619047619047618,3.872983346207417,-0.0761904761904762,3.872983346207417,NA,NA,-0.0761904761904762,3.872983346207417,NA,NA,-0.07619047619047618,3.872983346207417
ERFL,0.008002021305145438,3.276493215515262,NA,NA,NA,NA,NA,NA,NA,NA,0.008002021305145438,3.276493215515262
ERME,-0.0706222192651824,3.6621631361465874,NA,NA,NA,NA,NA,NA,NA,NA,-0.0706222192651824,3.6621631361465874
ERPO4,-0.07619047619047617,3.872983346207417,NA,NA,NA,NA,NA,NA,NA,NA,-0.07619047619047617,3.872983346207417
ERTE13,-0.07619047619047618,3.872983346207417,NA,NA,NA,NA,-0.07619047619047618,3.872983346207417,-0.07619047619047618,3.872983346207417,NA,NA
ERWR,0.06445989054185797,3.1048019394313964,NA,NA,NA,NA,NA,NA,NA,NA,0.06445989054185797,3.1048019394313964
ESVIV,-0.00476190476190475,3.872983346207416,-0.00476190476190475,3.872983346207416,NA,NA,-0.00476190476190475,3.872983346207416,NA,NA,NA,NA
EUEX4,-0.08601095221211592,3.1768348998361278,-0.11611260156837061,2.9692211859287556,-0.12760691303704377,3.1431646055454245,-0.09176228086626771,3.02327061472576,-0.043893584929900836,3.0479268395681762,-0.06537383174721832,3.727859687585095
EVNU,0.049293707553221086,2.7417933927555023,0.049293707553221086,2.7417933927555023,NA,NA,0.049293707553221086,2.7417933927555023,NA,NA,NA,NA
FESTU,-0.00476190476190474,3.872983346207417,-0.00476190476190474,3.872983346207417,NA,NA,-0.00476190476190474,3.872983346207417,NA,NA,NA,NA
FUCR,-0.04173407101583897,3.491494497394681,NA,NA,NA,NA,NA,NA,NA,NA,-0.04173407101583897,3.491494497394681
FUCYH,-0.00476190476190475,3.872983346207417,NA,NA,NA,NA,NA,NA,NA,NA,-0.00476190476190475,3.872983346207417
GACO5,-0.016629061290639745,2.0311712481569764,-0.016629061290639745,2.0311712481569764,NA,NA,-0.016629061290639745,2.0311712481569764,NA,NA,NA,NA
GASUN,-0.016823257217061294,3.0355122465539024,-0.016823257217061294,3.0355122465539024,NA,NA,-0.016823257217061294,3.0355122465539024,NA,NA,NA,NA
GIME,-0.07619047619047618,3.872983346207417,NA,NA,NA,NA,NA,NA,NA,NA,-0.07619047619047618,3.872983346207417
GLBI2,-0.03729409423270028,3.283371156355394,-0.024309865086188934,3.1834712029231564,NA,NA,-0.024309865086188934,3.1834712029231564,NA,NA,-0.04196841672544437,3.3193351395909994
GRCL,0.41732700686079316,0.880311925692921,0.6793853650138579,1.1659731353586953,0.2862978277842607,0.7374813208600339,0.41732700686079316,0.880311925692921,NA,NA,NA,NA
GUSA2,0.20121067484318922,2.788985320520232,-0.07619047619047624,3.872983346207417,0.12030140264133025,2.94267537594168,0.19290393253265,2.826902805356431,0.32079089062598776,2.5886965543987666,0.22723846741621206,2.6701772013668092
GUSP,-0.0761904761904762,3.872983346207417,NA,NA,-0.07619047619047621,3.872983346207417,-0.07619047619047621,3.872983346207417,NA,NA,-0.0761904761904762,3.872983346207417
HENA,0.16229106621116532,2.761184265730621,NA,NA,NA,NA,NA,NA,NA,NA,0.16229106621116532,2.761184265730621
HEOB,-0.07619047619047617,3.872983346207417,NA,NA,NA,NA,NA,NA,NA,NA,-0.07619047619047617,3.872983346207417
HEPI2,0.022158814910626854,3.2565395456795008,NA,NA,NA,NA,NA,NA,NA,NA,0.022158814910626854,3.2565395456795008
HODR,0.051171001804256176,2.4032692332815446,0.17608152257328913,2.819974880213456,5.440351045063615e-4,1.841213565837707,0.051171001804256176,2.4032692332815446,0.05476705238161838,2.5725307473348247,NA,NA
HOGL2,-0.07619047619047618,3.872983346207417,NA,NA,NA,NA,NA,NA,NA,NA,-0.07619047619047618,3.872983346207417
HYFIC,-0.041878154635016186,3.567114631359259,-0.041878154635016186,3.567114631359259,NA,NA,-0.041878154635016186,3.567114631359259,NA,NA,NA,NA
HYVE,-0.01610671492704812,3.333009759102728,0.026959831088664905,1.9830757913410046,NA,NA,0.026959831088664905,1.9830757913410046,NA,NA,-0.03333333333333333,3.872983346207417
IPCO2,-0.04988247387582547,3.6014403453762314,-0.03610385309221838,3.397783094752842,NA,NA,-0.03610385309221838,3.397783094752842,NA,NA,-0.06825396825396826,3.872983346207417
IPCR,-0.08397473528044612,3.3925043226715634,NA,NA,NA,NA,NA,NA,NA,NA,-0.08397473528044612,3.3925043226715634
IPLA2,-0.07619047619047621,3.872983346207417,NA,NA,NA,NA,NA,NA,NA,NA,-0.07619047619047621,3.872983346207417
IPPU4,-0.0775579663901298,3.8415715227584935,NA,NA,-0.0775579663901298,3.8415715227584935,-0.0775579663901298,3.8415715227584935,NA,NA,NA,NA
JUMO,0.35559219033158995,1.7660816737987306,NA,NA,NA,NA,NA,NA,NA,NA,0.35559219033158995,1.7660816737987306
KAPA,-0.08442366689528183,3.4810251715992315,-0.07619047619047617,3.872983346207417,-0.10609638404416018,3.4011583958294027,-0.09019129940738561,3.6360077335724115,-0.08952480791043282,3.635263537360213,-0.05991122871884072,2.8223492832132164
LAOCO,-0.0730760352735291,3.7050197021008002,NA,NA,-0.06662231913642803,3.708445850506821,-0.06662231913642803,3.708445850506821,NA,NA,-0.08874934589220308,3.6966990559718913
LATR2,0.3413948405119068,1.0769521171108463,NA,NA,0.3528553250100977,1.0016237848975271,0.3413948405119068,1.0769521171108463,0.1408363617935665,2.3951979308439317,NA,NA
LEFE,0.055980047612971,2.2581589993052535,NA,NA,0.046112205521570256,2.241279523031285,0.055980047612971,2.2581589993052535,0.2237333631667836,2.545110095962724,NA,NA
LEPI3,0.04890281388815734,1.9686222811842833,NA,NA,NA,NA,NA,NA,NA,NA,0.04890281388815734,1.9686222811842833
LIIN2,-0.07619047619047621,3.872983346207417,-0.07619047619047621,3.872983346207417,NA,NA,-0.07619047619047621,3.872983346207417,NA,NA,NA,NA
LIPU4,-0.07709002707563523,3.69989413461096,-0.06956750369190126,3.718036924522133,-0.08088250789221602,3.6370781801449863,-0.07709002707563523,3.69989413461096,-0.08647757174294578,3.7040879269771874,NA,NA
LOPL2,-0.09003603744412872,3.4742515033873143,NA,NA,NA,NA,NA,NA,NA,NA,-0.09003603744412872,3.4742515033873143
LYPH,0.15003818432463747,2.398542844699497,NA,NA,NA,NA,NA,NA,NA,NA,0.15003818432463747,2.398542844699497
MAGR10,-0.07619047619047618,3.872983346207417,NA,NA,-0.0761904761904762,3.872983346207417,-0.07619047619047618,3.872983346207417,-0.07619047619047616,3.872983346207417,NA,NA
MAHA4,-0.11652661064425768,3.2860947893673647,NA,NA,NA,NA,NA,NA,NA,NA,-0.11652661064425768,3.2860947893673647
MAHEH2,-0.07619047619047614,3.872983346207417,-0.07619047619047614,3.872983346207417,NA,NA,-0.07619047619047614,3.872983346207417,NA,NA,NA,NA
MAPIP,0.1494686661705358,3.0940131509649116,0.19791364173832116,2.970485895620774,0.1297523431792436,2.9905000606006853,0.1494686661705358,3.0940131509649116,0.15422599657324304,3.286931607159052,NA,NA
MAWR2,-0.07619047619047618,3.872983346207417,NA,NA,NA,NA,NA,NA,NA,NA,-0.07619047619047618,3.872983346207417
MELE2,0.005602953589870108,3.354912982985682,-0.0017280791358432843,3.4544600192477626,0.017515881769154373,3.1931490490598007,0.005602953589870108,3.354912982985682,NA,NA,NA,NA
MESC,-0.04840060259345602,2.6059373598776965,NA,NA,-0.04840060259345602,2.6059373598776965,-0.04840060259345602,2.6059373598776965,NA,NA,NA,NA
MIAL4,9.629127299230042e-4,3.4586634003356593,0.024108929406042763,3.334367416574132,-0.07619047619047624,3.872983346207417,0.014990801624541037,3.3833325010862487,NA,NA,-0.07619047619047617,3.872983346207417
MILI3,0.002037013635535962,2.5814922780976426,0.04773471575785109,2.091231040698525,NA,NA,0.04773471575785109,2.091231040698525,NA,NA,-0.006531305512398125,2.673416260109977
MIMU,-0.07057673530612382,3.6602582692705035,NA,NA,NA,NA,NA,NA,NA,NA,-0.07057673530612382,3.6602582692705035
MIOX,-0.12770913910815862,3.295408486926646,NA,NA,NA,NA,NA,NA,NA,NA,-0.12770913910815862,3.295408486926646
MOCE,-0.0871187744115921,3.6765641165428278,-0.09804707263270801,3.4801448868782385,NA,NA,-0.09804707263270801,3.4801448868782385,NA,NA,-0.0761904761904762,3.872983346207417
MUAR,-0.10379572118702556,3.4756393387019116,NA,NA,-0.11759834368530023,3.2769673349491595,-0.11759834368530023,3.2769673349491595,NA,NA,-0.07619047619047623,3.872983346207416
MUAR2,0.10441579799170078,2.286191363052248,0.18710715425771018,1.7293062406069795,-0.07192117653380736,3.562685871196493,0.11024180683628713,2.235004524885952,-0.030429668963595176,3.031255972547097,-0.07619047619047621,3.872983346207417
MUFR,-0.07619047619047617,3.872983346207417,NA,NA,NA,NA,NA,NA,NA,NA,-0.07619047619047617,3.872983346207417
MUPA2,0.032758183151847795,2.9799053156149053,NA,NA,NA,NA,NA,NA,NA,NA,0.032758183151847795,2.9799053156149053
MUPO2,0.05761100009778854,2.9084389400986956,-0.07619047619047627,3.872983346207417,0.09878068510956231,2.611656045911397,0.07545119693622383,2.7798330192841996,NA,NA,-0.0761904761904762,3.872983346207417
MUSQ3,-0.07432338431762388,3.4164508746408813,-0.08618600397958033,3.2847925447476047,-0.07765143131299511,3.390180364129508,-0.08087360854677182,3.4088237429824293,-0.08484444114957869,3.7103820909873826,-0.041572263171884144,3.4545865329331433
MUTO2,0.14757520838621996,1.6082688885310124,NA,NA,NA,NA,NA,NA,NA,NA,0.14757520838621996,1.6082688885310124
"NADI",-0.07104567402822308,3.454013992393915,NA,NA,NA,NA,NA,NA,NA,NA,-0.07104567402822308,3.454013992393915
"NAHI",-0.07619047619047617,3.872983346207417,NA,NA,-0.07619047619047617,3.872983346207417,-0.07619047619047617,3.872983346207417,NA,NA,NA,NA
NECA3,0.025105590315974917,3.304675133373751,NA,NA,NA,NA,NA,NA,NA,NA,0.025105590315974917,3.304675133373751
NOMI,0.32597874791341197,1.2613789817296062,NA,NA,NA,NA,NA,NA,NA,NA,0.32597874791341197,1.2613789817296062
OECA10,-0.054187257350270635,3.7590769650690934,-0.040435245575142165,3.687885476857641,NA,NA,-0.05131727228415687,3.7442196110075727,-0.07619047619047618,3.872983346207417,-0.0761904761904762,3.8729833462074166
OPEN3,0.02031892586711535,3.2262838382054237,NA,NA,NA,NA,NA,NA,NA,NA,0.02031892586711535,3.2262838382054237
OPMA8,0.05189994676733009,2.4924356850889606,NA,NA,0.10856179829656495,1.111888023970504,0.10856179829656495,1.111888023970504,NA,NA,-0.00476190476190477,3.872983346207417
OPPH,0.13234676120637168,2.5689918042627435,NA,NA,-0.03855064525188969,2.2533101897120895,0.2319594637387623,2.157646714695983,0.5024695727294143,2.061983239679877,0.12665460677594934,2.592497237952273
OPPOP,-0.07619047619047623,3.872983346207417,NA,NA,NA,NA,NA,NA,NA,NA,-0.07619047619047623,3.872983346207417
OPUNT,0.002835153991452383,3.5250034036832743,NA,NA,NA,NA,NA,NA,NA,NA,0.002835153991452383,3.5250034036832743
PAHI5,-0.07619047619047621,3.8729833462074175,-0.07619047619047621,3.8729833462074175,NA,NA,-0.07619047619047621,3.8729833462074175,NA,NA,-0.07619047619047621,3.872983346207417
PAIN2,-0.07619047619047621,3.8729833462074175,NA,NA,-0.07619047619047621,3.8729833462074175,-0.07619047619047621,3.8729833462074175,NA,NA,NA,NA
PEAN,-0.08288742193979574,2.7370705219007214,-0.1315083907043879,2.9204296536121648,-0.07619047619047617,3.872983346207417,-0.1236058314881148,3.0565087525543433,NA,NA,-0.0790870370486193,2.7072562870397165
PEBA2,0.10646032915745518,2.074021171732485,NA,NA,NA,NA,NA,NA,NA,NA,0.10646032915745518,2.074021171732485
PEFE,0.0308947307736654,3.051652934917835,0.17363657327337714,1.4089921123386713,-0.00476190476190477,3.872983346207417,0.084437334255736185,2.640987729273044,NA,NA,-0.07619047619047617,3.872983346207417
PELO3,0.08850234394275844,3.3890956483970096,NA,NA,NA,NA,NA,NA,NA,NA,0.08850234394275844,3.3890956483970096
PHACE,-0.07619047619047618,3.872983346207417,NA,NA,-0.07619047619047618,3.872983346207417,-0.07619047619047618,3.872983346207417,NA,NA,NA,NA
PHCR,-0.04047619047619055,3.872983346207417,-0.017748917748917792,3.872983346207417,-0.07619047619047631,3.872983346207417,-0.04047619047619055,3.872983346207417,NA,NA,NA,NA
PHHE4,0.022150007168137826,3.5242273210845596,NA,NA,NA,NA,NA,NA,NA,NA,0.022150007168137826,3.5242273210845596
PHHEF,-0.12120108782773853,3.1779276218531454,NA,NA,NA,NA,NA,NA,NA,NA,-0.12120108782773853,3.1779276218531454
PHLO15,-0.0761904761904762,3.872983346207417,NA,NA,NA,NA,NA,NA,NA,NA,-0.0761904761904762,3.872983346207417
PLJA,0.1152409766548273,2.3247981596944687,0.09433315839545488,2.12295962854705,0.19178637385557762,1.6342283960527253,0.10717742049319315,2.1895193204279026,0.03994901508342738,3.0833120515394334,0.14346342322054678,2.79827409712745
PLPA2,-0.0556941855568733,3.6288271888475423,-0.06601990899615118,3.4680940345253566,-0.054194928847255776,3.77472649255174,-0.056810179308584265,3.614289248169917,-0.04601960160088112,3.6779820465547814,-0.047014234154676864,3.74190006078463
POFE,-0.09544675045117258,2.800168095147957,NA,NA,NA,NA,NA,NA,NA,NA,-0.09544675045117258,2.800168095147957
POHA5,-0.0033365764987639923,3.5772134166521665,NA,NA,NA,NA,NA,NA,NA,NA,-0.0033365764987639923,3.5772134166521665
POOL,-0.09065703062015161,3.3249490497549563,-0.09795909855726687,3.4722647776745514,-0.07619047619047623,3.8729833462074175,-0.09505661557502812,3.5256939201456,-0.0761904761904762,3.872983346207417,-0.08938791957547569,3.2670418756038093
PRPA2,-0.0761904761904762,3.872983346207417,-0.0761904761904762,3.872983346207417,NA,NA,-0.0761904761904762,3.872983346207417,NA,NA,NA,NA
PSTAT,-0.07619047619047621,3.872983346207417,-0.07619047619047618,3.8729833462074175,-0.07619047619047624,3.872983346207417,-0.07619047619047621,3.872983346207417,NA,NA,NA,NA
RHTR,0.21785507084224773,2.1914800639446734,NA,NA,NA,NA,NA,NA,NA,NA,0.21785507084224773,2.1914800639446734
SAAB,-0.09157824178387305,2.920289416503923,-0.06190476190476192,3.872983346207417,0.15248372730387122,3.2794857974367524,-0.02453600957911863,3.6060112455908633,-0.10813386564800026,3.2651064422035896,-0.099843722466651,2.835748369082245
SASU7,-0.13907551687827857,2.801045840986918,NA,NA,NA,NA,NA,NA,NA,NA,-0.13907551687827857,2.801045840986918
SATR12,-0.047195383496078346,3.1318681276261455,-0.06099056637216676,2.8919157736558563,NA,NA,-0.04652107901481328,3.1146328899847204,-0.013129954343997557,3.628595466128254,-0.07619047619047621,3.872983346207417
SCBR2,0.001393811922846895,1.8088835430736352,-0.027459215337364496,1.1347622297812245,0.02265418807390322,1.9412155934284296,0.001393811922846895,1.8088835430736352,-0.08288890409317397,2.0260732108834842,NA,NA
SCLA6,-0.07619047619047625,3.872983346207417,NA,NA,-0.07619047619047625,3.872983346207417,-0.07619047619047625,3.872983346207417,NA,NA,NA,NA
SCMU6,-0.034401188965098285,2.967497515131287,NA,NA,NA,NA,NA,NA,NA,NA,-0.034401188965098285,2.967497515131287
SEBA3,-0.022909513754629407,3.1639268986699918,-0.022909513754629407,3.1639268986699918,NA,NA,-0.022909513754629407,3.1639268986699918,NA,NA,NA,NA
SEDI3,-0.04339501843875198,2.880253460702417,-0.12935359864897897,2.9953252895100553,0.0232470049330514,2.2688166891422776,-0.05305329685796378,2.6320709893261665,NA,NA,-0.00476190476190476,3.872983346207417
SEFLF,-0.03799107817247696,3.761643300385976,-0.03799107817247696,3.761643300385976,NA,NA,-0.03799107817247696,3.761643300385976,NA,NA,NA,NA
SIAL2,-0.07154127923358694,3.7780610360805955,NA,NA,NA,NA,NA,NA,NA,NA,-0.07154127923358694,3.7780610360805955
SOEL,0.032493117911768905,2.6955346776118088,0.016311139000831323,2.732803589144211,-0.10713816788863127,2.4834394784485916,-0.007931734497042443,2.778621555977923,-0.07619047619047623,3.872983346207417,0.14568270465644068,2.4628914181866888
SOJA,-0.09322948467984302,2.9236188908182696,NA,NA,NA,NA,NA,NA,NA,NA,-0.09322948467984302,2.9236188908182696
SPAI,-0.1366634592589494,2.891810090180135,NA,NA,-0.1366634592589494,2.891810090180135,-0.1366634592589494,2.891810090180135,NA,NA,NA,NA
SPCOC,0.015850548984194326,2.7489372645797907,NA,NA,NA,NA,NA,NA,NA,NA,0.015850548984194326,2.7489372645797907
SPHA,-0.07723503483725923,3.036964543077942,-0.07734498837902587,2.9489625638011554,-0.0761904761904762,3.872983346207417,-0.07723503483725923,3.036964543077942,NA,NA,NA,NA
SPORO,0.12290103784095482,2.4128319758781696,0.17968786400250367,2.351896825106296,0.05759745060523368,2.831763186694728,0.16636011705470347,2.2961528796774835,0.3003077830013076,1.4580207617872374,-0.013684639687969508,2.7795377067946125
SPPO6,0.06192001635176878,2.880221423757894,-0.07604754375872601,3.4428113995934386,0.04968567434197008,2.6173269081682213,0.05901881851944922,2.89785641872344,0.1493917800638335,2.8514129407566595,0.06899168606804772,2.8372361235293755
STEM,0.5326761052567505,1.5458283310257022,NA,NA,0.5292703592703593,1.5401387285327592,0.5326761052567505,1.5458283310257022,0.6348484848484849,1.716516405813988,NA,NA
STPA4,0.04669401206955459,1.7735832098255224,0.04669401206955459,1.7735832098255224,NA,NA,0.04669401206955459,1.7735832098255224,NA,NA,NA,NA
TEAR4,-0.07619047619047621,3.872983346207417,NA,NA,NA,NA,NA,NA,NA,NA,-0.07619047619047621,3.872983346207417
TECO,-0.009559370183811805,3.1591218041880147,-0.009559370183811805,3.1591218041880147,NA,NA,-0.009559370183811805,3.1591218041880147,NA,NA,NA,NA
THAC,0.14903559662520469,2.549584232781661,NA,NA,0.1651231732548962,2.455055724679821,0.14903559662520469,2.549584232781661,-0.0761904761904762,3.872983346207417,NA,NA
THME,-0.0761904761904762,3.872983346207417,-0.07619047619047618,3.872983346207417,-0.07619047619047621,3.872983346207417,-0.0761904761904762,3.872983346207417,NA,NA,NA,NA
THWR,-0.012028923904485378,3.622526781064257,NA,NA,NA,NA,NA,NA,NA,NA,-0.012028923904485378,3.622526781064257
TICA3,-0.08713039778770468,3.62168875861603,NA,NA,-0.08713039778770468,3.62168875861603,-0.08713039778770468,3.62168875861603,NA,NA,NA,NA
TILA2,-0.08096370889298157,3.6474088174244375,NA,NA,-0.0761904761904762,3.872983346207417,-0.08096370889298157,3.6474088174244375,-0.08156036298079475,3.619212001326565,NA,NA
TOAN,-0.07619047619047618,3.872983346207417,NA,NA,-0.07619047619047618,3.872983346207417,-0.07619047619047618,3.872983346207417,-0.07619047619047617,3.872983346207417,NA,NA
TRRA,-0.0768158877032942,3.3169894964722606,-0.07686800532936237,3.2706566756609976,NA,NA,-0.07686800532936237,3.2706566756609976,NA,NA,-0.07619047619047621,3.8729833462074175
TRRA5,-0.07619047619047624,3.872983346207417,NA,NA,NA,NA,NA,NA,NA,NA,-0.07619047619047624,3.872983346207417
VINE,-0.012611060982969678,3.3453893077730905,NA,NA,NA,NA,NA,NA,NA,NA,-0.012611060982969678,3.3453893077730905
YUBA,0.21851696690969563,1.8147664717009413,NA,NA,NA,NA,NA,NA,NA,NA,0.21851696690969563,1.8147664717009413
ZIGR,-0.059997613452166004,2.8458863966869417,-0.10360708599805826,3.0006415368903063,NA,NA,-0.10360708599805826,3.0006415368903063,NA,NA,0.2452686943690798,1.7626004152633876
